id,name,category,description,calories,protein,carbs,fat,fiber,vitamins,minerals,source,frida_id,is_active
frida-1101,"Pork sausage, saveloy type",kød,"Pork sausage, saveloy type fra Frida DTU database",271.88,11.2,0.8,24.35,,"{""A"":0,""D"":0.11,""E"":0.34,""B1"":0.314,""B2"":0.13,""B3"":2.6,""Folate"":2,""C"":75}","{""sodium"":1065,""potassium"":219,""calcium"":27,""magnesium"":17,""iron"":0.69,""zinc"":1.05,""selenium"":6.04,""phosphor"":228}",frida_dtu,1101,true
frida-1102,"Sapotes, raw",andre,"Sapotes, raw fra Frida DTU database",143.68,2.12,31.15,0.6,,"{""A"":41.67,""D"":0,""B1"":0.01,""B2"":0.02,""B3"":1.8,""C"":20}","{""sodium"":10,""potassium"":344,""calcium"":39,""magnesium"":30,""iron"":1,""phosphor"":28}",frida_dtu,1102,true
frida-1103,"Pork scratchings",kød,"Pork scratchings fra Frida DTU database",579.52,54,,40.33,,"{""D"":0,""B1"":0,""B2"":0.127,""B3"":1.82,""Folate"":23}","{""sodium"":1,""potassium"":146,""calcium"":27,""magnesium"":10,""iron"":1,""zinc"":0.59,""selenium"":14,""phosphor"":96}",frida_dtu,1103,true
frida-1104,"Pork sausage, malakoff",kød,"Pork sausage, malakoff fra Frida DTU database",273.3,9.8,3.8,23.7,,"{""A"":0,""C"":0}","{""sodium"":1139,""potassium"":131,""iron"":1.37,""zinc"":1.7}",frida_dtu,1104,true
frida-1105,"Mackerel, filet, in natural juices, canned",fisk,"Mackerel, filet, in natural juices, canned fra Frida DTU database",224,19.03,,16.43,,"{""A"":22.17,""D"":2.7,""E"":0.9,""B1"":0.06,""B2"":0.16,""B3"":6.6,""Folate"":3,""C"":0.18}","{""sodium"":590,""potassium"":315,""calcium"":15,""magnesium"":24,""iron"":1.1,""zinc"":1.6,""selenium"":36,""phosphor"":220}",frida_dtu,1105,true
frida-1106,"Sandwich, rib roast",andre,"Sandwich, rib roast fra Frida DTU database",277.1,12.3,24.4,14.1,,"{}","{""sodium"":366,""potassium"":217,""zinc"":1.6}",frida_dtu,1106,true
frida-1107,"Milk, skimmed, with chocolate",mejeriprodukter,"Milk, skimmed, with chocolate fra Frida DTU database",58.17,4,9.3,0.49,,"{""A"":4.33,""D"":0.01,""E"":0.01,""B1"":0.035,""B2"":0.164,""B3"":0.13,""Folate"":4,""C"":0}","{""sodium"":37,""potassium"":178,""calcium"":108,""magnesium"":16,""iron"":0.36,""zinc"":0.44,""selenium"":1.35,""phosphor"":91}",frida_dtu,1107,true
frida-1108,"Milk, skimmed, with chocolate (UHT)",mejeriprodukter,"Milk, skimmed, with chocolate (UHT) fra Frida DTU database",59.29,3.6,9.26,0.5,,"{""A"":4.33,""D"":0.01,""E"":0.01,""B1"":0.027,""B2"":0.164,""B3"":0.14,""Folate"":4,""C"":0}","{""sodium"":45,""potassium"":211,""calcium"":119,""magnesium"":22,""iron"":0.03,""zinc"":0.5,""selenium"":1.3,""phosphor"":98}",frida_dtu,1108,true
frida-1109,"Beef, striploin cap on",kød,"Beef, striploin cap on fra Frida DTU database",,1110,,,,"{""B1"":2410,""B2"":2510,""B3"":2620}","{""calcium"":3030,""magnesium"":3040}",frida_dtu,1109,true
frida-1110,"Cheese, Camembert, 30 % fidm.",mejeriprodukter,"Cheese, Camembert, 30 % fidm. fra Frida DTU database",199,25,,11,,"{""A"":101,""D"":0.14,""E"":0.28,""B1"":0.045,""B2"":0.45,""B3"":1.8,""Folate"":62,""C"":0}","{""sodium"":1297,""potassium"":187,""calcium"":720,""magnesium"":20,""iron"":0.18,""zinc"":2.38,""selenium"":8.5,""phosphor"":370}",frida_dtu,1110,true
frida-1111,"Alfalfa seeds, sprouted, raw",andre,"Alfalfa seeds, sprouted, raw fra Frida DTU database",26.77,3.99,0.3,0.69,,"{""A"":16,""D"":0,""E"":0.2,""B1"":0.076,""B2"":0.126,""B3"":0.48,""Folate"":36,""C"":8.2}","{""sodium"":6,""potassium"":79,""calcium"":32,""magnesium"":27,""iron"":0.96,""zinc"":0.92,""selenium"":1,""phosphor"":70}",frida_dtu,1111,true
frida-1112,"Pork, meat, approx. 20 % fat, raw",kød,"Pork, meat, approx. 20 % fat, raw fra Frida DTU database",242.68,17.92,,19,,"{""A"":8.95,""D"":0.11,""E"":0.1,""B1"":0.72,""B2"":0.22,""B3"":3.5,""Folate"":2,""C"":0}","{""sodium"":68,""potassium"":301,""calcium"":9,""magnesium"":20,""iron"":0.75,""zinc"":3.6,""selenium"":6.9,""phosphor"":170}",frida_dtu,1112,true
frida-1114,"Liquorice, salt",kornprodukter,"Liquorice, salt fra Frida DTU database",354.8,6.7,43.4,1,,"{""A"":0,""D"":0,""E"":0,""B1"":0,""B2"":0,""B3"":0,""Folate"":0,""C"":0}","{""sodium"":519,""potassium"":415,""calcium"":30,""magnesium"":25,""iron"":3.1,""zinc"":0.31,""selenium"":0.5,""phosphor"":26}",frida_dtu,1114,true
frida-1115,"Biscuit, 20-30% wholemeal, digestive type",andre,"Biscuit, 20-30% wholemeal, digestive type fra Frida DTU database",459.65,6.52,66.52,16.49,,"{""A"":0,""D"":0,""E"":1.3,""B1"":0.098,""B2"":0.035,""B3"":1.83,""Folate"":12.7,""C"":0}","{""sodium"":519,""potassium"":174,""calcium"":26,""magnesium"":30,""iron"":1.17,""zinc"":0.67,""selenium"":3,""phosphor"":116}",frida_dtu,1115,true
frida-1117,"Pork, loin with rind, raw",kød,"Pork, loin with rind, raw fra Frida DTU database",268,18.26,,21.66,,"{""A"":9.53,""D"":0.08,""E"":0.41,""B1"":0.628,""B2"":0.121,""B3"":5.49,""Folate"":4.6,""C"":0}","{""sodium"":52,""potassium"":292,""calcium"":6,""magnesium"":18,""iron"":0.43,""zinc"":1.26,""selenium"":7.15,""phosphor"":160}",frida_dtu,1117,true
frida-1118,"Fruit gums",frugt,"Fruit gums fra Frida DTU database",348.9,5.48,74.4,0.9,,"{""A"":0,""D"":0,""E"":0,""B1"":0,""B2"":0,""B3"":0,""Folate"":0,""C"":0}","{""sodium"":62,""potassium"":12,""calcium"":9,""magnesium"":2,""iron"":0,""zinc"":0,""selenium"":0,""phosphor"":4}",frida_dtu,1118,true
frida-1120,"Sprat (sardine), in oil, canned",fedtstoffer,"Sprat (sardine), in oil, canned fra Frida DTU database",204.69,24.6,,11.34,,"{""A"":18,""D"":12,""E"":2.31,""B1"":0.1,""B2"":0.17,""B3"":5.3,""Folate"":6,""C"":0}","{""sodium"":329,""potassium"":353,""calcium"":420,""magnesium"":39,""iron"":2,""zinc"":2.2,""selenium"":35,""phosphor"":450}",frida_dtu,1120,true
frida-1121,"Sardine, in oil, canned",fedtstoffer,"Sardine, in oil, canned fra Frida DTU database",204.69,24.6,,11.34,,"{""A"":18,""D"":12,""E"":1.7,""B1"":0.1,""B2"":0.17,""B3"":5.3,""Folate"":6,""C"":0}","{""sodium"":329,""potassium"":353,""calcium"":420,""magnesium"":39,""iron"":2,""zinc"":2.2,""selenium"":35,""phosphor"":450}",frida_dtu,1121,true
frida-1122,"Cream Crackers",mejeriprodukter,"Cream Crackers fra Frida DTU database",442.7,9.39,64.19,13.87,,"{""A"":0,""D"":0,""B1"":0,""B2"":0,""B3"":2,""C"":0}","{""sodium"":800,""potassium"":120,""calcium"":110,""magnesium"":25,""iron"":2,""zinc"":1,""selenium"":3,""phosphor"":110}",frida_dtu,1122,true
frida-1124,"Pork, thin belly with rind, raw",kød,"Pork, thin belly with rind, raw fra Frida DTU database",294,16,,25.45,,"{""A"":8.85,""D"":0.11,""E"":0.34,""B1"":0.549,""B2"":0.133,""B3"":4.52,""Folate"":5.05,""C"":0}","{""sodium"":61,""potassium"":239,""calcium"":6,""magnesium"":15,""iron"":0.51,""zinc"":1.49,""selenium"":6.9,""phosphor"":144}",frida_dtu,1124,true
frida-1125,"Human milk, colostrum",mejeriprodukter,"Human milk, colostrum fra Frida DTU database",57.8,2,6.6,2.6,,"{""A"":177.5,""D"":0.07,""E"":1.3,""B1"":0,""B2"":0.03,""B3"":0.1,""Folate"":2,""C"":7}","{""sodium"":47,""potassium"":70,""calcium"":28,""magnesium"":3,""zinc"":0.6,""phosphor"":14}",frida_dtu,1125,true
frida-1126,"Breakfast cereal, Havrefras",kornprodukter,"Breakfast cereal, Havrefras fra Frida DTU database",377.26,13.2,56.4,6.64,,"{""A"":0.5,""D"":0,""E"":0.61,""B1"":1.22,""B2"":1.38,""B3"":10,""Folate"":47,""C"":0}","{""sodium"":1225,""potassium"":484,""calcium"":49,""magnesium"":102,""iron"":6.43,""zinc"":3.44,""selenium"":0.01,""phosphor"":614}",frida_dtu,1126,true
frida-1128,"Pork/beef sausage, saveloy type",kød,"Pork/beef sausage, saveloy type fra Frida DTU database",276.75,11.14,3.8,23.74,,"{""A"":0,""D"":0.11,""B1"":0.349,""B2"":0.148,""B3"":2.7,""Folate"":4.8,""C"":0}","{""sodium"":1152,""potassium"":174,""calcium"":22,""magnesium"":16,""iron"":0.76,""zinc"":1,""selenium"":7.3,""phosphor"":228}",frida_dtu,1128,true
frida-1131,"Mint jelly",andre,"Mint jelly fra Frida DTU database",268.5,0.5,57,0.5,,"{}","{""sodium"":20}",frida_dtu,1131,true
frida-1132,"Herring, autumn, raw",andre,"Herring, autumn, raw fra Frida DTU database",248,19.3,,19,,"{""A"":45,""D"":8.3,""E"":1.8,""B1"":0.06,""B2"":0.2,""B3"":4.5,""Folate"":3,""C"":0.5}","{""sodium"":47,""potassium"":317,""calcium"":50,""magnesium"":26,""iron"":1.3,""zinc"":0.85,""selenium"":32.3,""phosphor"":320}",frida_dtu,1132,true
frida-1134,"Baby food, infant formula, low iron content, prepared",andre,"Baby food, infant formula, low iron content, prepared fra Frida DTU database",61,1.2,10.8,3.5,,"{""A"":70,""D"":1,""E"":0.8,""B1"":0.05,""B2"":0.1,""B3"":0.7,""Folate"":6,""C"":6.7}","{""sodium"":15,""potassium"":59,""calcium"":41,""magnesium"":5,""iron"":0.4,""zinc"":0.5,""selenium"":1.3,""phosphor"":21}",frida_dtu,1134,true
frida-1135,"Vecao",andre,"Vecao fra Frida DTU database",561.06,3.26,52.4,33.9,,"{""A"":0.7,""D"":0,""E"":1.4,""B1"":0,""B2"":0,""B3"":1,""Folate"":8.2,""C"":0}","{""sodium"":17,""potassium"":528,""calcium"":15,""magnesium"":92,""iron"":4.2,""zinc"":1.56,""selenium"":2.8,""phosphor"":132}",frida_dtu,1135,true
frida-1136,"Pork, mettwurst, smoked",kød,"Pork, mettwurst, smoked fra Frida DTU database",279.27,11.55,4.13,24.31,,"{""A"":8.7,""D"":0.11,""E"":0.59,""B1"":0.349,""B2"":0.148,""B3"":2.7,""Folate"":1.5,""C"":32.4}","{""sodium"":1050,""potassium"":203,""calcium"":22,""magnesium"":16,""iron"":0.84,""zinc"":1.19,""selenium"":7.3,""phosphor"":224}",frida_dtu,1136,true
frida-1137,"Bacon, sliced, raw",andre,"Bacon, sliced, raw fra Frida DTU database",262.52,15.9,,21.85,,"{""A"":3.5,""D"":0.11,""E"":0.44,""B1"":0.7,""B2"":0.142,""B3"":5.4,""Folate"":1.3,""C"":8.3}","{""sodium"":1225,""potassium"":283,""calcium"":6,""magnesium"":18,""iron"":0.52,""zinc"":1.68,""selenium"":8.3,""phosphor"":167}",frida_dtu,1137,true
frida-1138,"Sandwich with ham and cheese, toasted, fast food",mejeriprodukter,"Sandwich with ham and cheese, toasted, fast food fra Frida DTU database",297.75,11,32.78,13.25,,"{""A"":44.5,""D"":0.7,""E"":1,""B1"":0.191,""B2"":0.113,""B3"":0.64,""Folate"":23.1,""C"":1.7}","{""sodium"":740,""potassium"":143,""calcium"":136,""magnesium"":22,""iron"":0.72,""zinc"":1.4,""selenium"":5.8,""phosphor"":221}",frida_dtu,1138,true
frida-1142,"Alfalfa seeds",andre,"Alfalfa seeds fra Frida DTU database",405.2,35.1,33.9,12.6,,"{""B1"":1.08,""B2"":0.58,""B3"":1.8,""C"":26}","{""sodium"":79,""calcium"":136,""iron"":12.9,""zinc"":6.9,""selenium"":90}",frida_dtu,1142,true
frida-1143,"Pork, sausage, frankfurter",kød,"Pork, sausage, frankfurter fra Frida DTU database",187.6,,4.33,20.8,,"{""A"":0,""D"":0,""E"":0.1,""B1"":0.14,""B2"":0.2,""B3"":1.8,""Folate"":2,""C"":24}","{""potassium"":156,""calcium"":25,""magnesium"":21,""iron"":1.3,""zinc"":1.4,""selenium"":7.2,""phosphor"":223}",frida_dtu,1143,true
frida-1147,"Salad dressing, mayonnaise",andre,"Salad dressing, mayonnaise fra Frida DTU database",347.7,1.17,12.5,32.5,,"{""A"":3.5,""D"":0,""E"":2.62,""B1"":0.019,""B2"":0.053,""B3"":0.19,""Folate"":0,""C"":0}","{""sodium"":668,""potassium"":91,""calcium"":20,""magnesium"":7,""iron"":0.32,""zinc"":0.21,""selenium"":0.19,""phosphor"":19}",frida_dtu,1147,true
frida-1148,"Rye-flour, bolted (extraction rate 70 %)",kornprodukter,"Rye-flour, bolted (extraction rate 70 %) fra Frida DTU database",341.56,6.1,73.5,1.4,,"{""E"":0.29,""B1"":0.234,""B2"":0.049,""B3"":1.3}","{""sodium"":2,""potassium"":204,""calcium"":18,""magnesium"":26,""iron"":1.08,""zinc"":0.89,""phosphor"":119}",frida_dtu,1148,true
frida-1149,"Beef, entrecote cap on",kød,"Beef, entrecote cap on fra Frida DTU database",,1110,,,,"{""B1"":2410,""B2"":2510,""B3"":2620}","{""calcium"":3030,""magnesium"":3040}",frida_dtu,1149,true
frida-1150,"Kippers, in oil, canned",fedtstoffer,"Kippers, in oil, canned fra Frida DTU database",249,20.5,,18.5,,"{""A"":15,""D"":6,""E"":1,""B1"":0.04,""B2"":0.2,""B3"":3.83,""Folate"":0,""C"":0}","{""sodium"":500,""potassium"":360,""calcium"":50,""magnesium"":35,""iron"":0.8,""zinc"":0.7,""phosphor"":325}",frida_dtu,1150,true
frida-1152,"Herring, salted, ripened",andre,"Herring, salted, ripened fra Frida DTU database",263.9,13.1,,23.5,,"{""A"":48,""D"":11,""E"":2.3,""B1"":0,""B2"":0.22,""B3"":3,""Folate"":6,""C"":0}","{""sodium"":5,""potassium"":128,""calcium"":60,""magnesium"":27,""iron"":1.1,""zinc"":1,""selenium"":22,""phosphor"":180}",frida_dtu,1152,true
frida-1153,"Milk, 1.5 % fat, cultured, kefir",mejeriprodukter,"Milk, 1.5 % fat, cultured, kefir fra Frida DTU database",48,4,3.78,1.59,,"{""A"":15.17,""D"":0.04,""E"":0.04,""B1"":0.046,""B2"":0.174,""B3"":0.09,""Folate"":11.5,""C"":1.3}","{""sodium"":43,""potassium"":153,""calcium"":121,""magnesium"":12,""iron"":0.03,""zinc"":0.41,""selenium"":1.3,""phosphor"":96}",frida_dtu,1153,true
frida-1154,"Milk, partly skimmed, organic, 1.5 % fat",mejeriprodukter,"Milk, partly skimmed, organic, 1.5 % fat fra Frida DTU database",47.3,3.38,4.6,1.5,,"{""A"":19,""D"":0.05,""E"":0.04,""B1"":0.04,""B2"":0.18,""B3"":0.09}","{""sodium"":36,""potassium"":161,""calcium"":126,""magnesium"":12,""iron"":0.01,""zinc"":0.37,""selenium"":2.3,""phosphor"":97}",frida_dtu,1154,true
frida-1156,"Salad dressing, oil and vinegar",fedtstoffer,"Salad dressing, oil and vinegar fra Frida DTU database",350.3,0.56,7.8,34.3,,"{""A"":0.4,""E"":3.48}","{""sodium"":1054,""potassium"":88,""calcium"":14,""magnesium"":6,""iron"":0.27,""zinc"":0.15}",frida_dtu,1156,true
frida-1157,"Nutmeg, whole",andre,"Nutmeg, whole fra Frida DTU database",506.59,6,4,36.31,,"{""A"":2.67,""D"":0,""E"":0,""B1"":0.346,""B2"":0.057,""B3"":1.3,""Folate"":76,""C"":3}","{""sodium"":16,""potassium"":350,""calcium"":184,""magnesium"":183,""iron"":3,""zinc"":2.15,""selenium"":2,""phosphor"":213}",frida_dtu,1157,true
frida-1158,"Pork, flank, spiced, cooked",kød,"Pork, flank, spiced, cooked fra Frida DTU database",272.26,15.3,,23.13,,"{""A"":0,""D"":0.11,""E"":0.44,""B1"":0.48,""B2"":0.115,""B3"":4,""Folate"":2.2,""C"":23}","{""sodium"":1160,""potassium"":206,""calcium"":7,""magnesium"":16,""iron"":1,""zinc"":1.59,""selenium"":8,""phosphor"":229}",frida_dtu,1158,true
frida-1159,"Brussels sprouts, winter (January to April), raw",andre,"Brussels sprouts, winter (January to April), raw fra Frida DTU database",50.7,4.4,4.4,0.5,,"{""A"":0,""D"":0,""B3"":0.83,""C"":101}","{""sodium"":8}",frida_dtu,1159,true
frida-1160,"Chervil, raw",andre,"Chervil, raw fra Frida DTU database",21,2.2,1,1,,"{""A"":245,""D"":0,""E"":2.9,""B1"":0.125,""B2"":0,""B3"":1.5,""Folate"":176,""C"":37}","{""sodium"":10,""potassium"":597,""calcium"":400,""magnesium"":34,""iron"":1.6,""zinc"":1.1,""selenium"":0.1,""phosphor"":41}",frida_dtu,1160,true
frida-1161,"Pork sausage, Thüringer bratwurst",kød,"Pork sausage, Thüringer bratwurst fra Frida DTU database",282.9,14.4,0.6,24.5,,"{""A"":0,""D"":0.5,""B1"":0.349,""B2"":0.148,""B3"":3,""Folate"":4.8,""C"":0}","{""sodium"":885,""potassium"":229,""calcium"":22,""magnesium"":16,""iron"":0.81,""zinc"":2.6,""selenium"":7.3,""phosphor"":224}",frida_dtu,1161,true
frida-1162,"Peanut butter",mejeriprodukter,"Peanut butter fra Frida DTU database",636.9,22.6,12.18,53.7,,"{""A"":0,""D"":0,""E"":4.7,""B1"":0.17,""B2"":0.1,""B3"":15,""Folate"":16,""C"":0}","{""sodium"":350,""potassium"":700,""calcium"":37,""magnesium"":180,""iron"":2.1,""zinc"":3,""selenium"":6.9,""phosphor"":330}",frida_dtu,1162,true
frida-1163,"Pork sausage, polony type",kød,"Pork sausage, polony type fra Frida DTU database",284,15.2,,24.8,,"{""A"":0,""D"":0.11,""C"":0}","{""sodium"":982,""potassium"":240,""iron"":1.02,""zinc"":2}",frida_dtu,1163,true
frida-1164,"Sweetcorn, kernels, canned",andre,"Sweetcorn, kernels, canned fra Frida DTU database",101.3,3.06,16.1,1.1,,"{""A"":3.67,""D"":0,""E"":0.5,""B1"":0.05,""B2"":0.08,""B3"":1.2,""Folate"":9,""C"":5}","{""sodium"":310,""potassium"":200,""calcium"":3,""magnesium"":23,""iron"":0.6,""zinc"":0.6,""selenium"":0,""phosphor"":62}",frida_dtu,1164,true
frida-1166,"Apple, dried",frugt,"Apple, dried fra Frida DTU database",252.76,0.93,41,0.32,,"{""A"":0,""D"":0,""B1"":0.065,""B2"":0.1,""B3"":0.6,""Folate"":3,""C"":3.9}","{""sodium"":87,""potassium"":450,""calcium"":30,""magnesium"":5,""iron"":1,""zinc"":0.2,""selenium"":0.5,""phosphor"":38}",frida_dtu,1166,true
frida-1167,"Human milk, transitional (10th day post partum)",mejeriprodukter,"Human milk, transitional (10th day post partum) fra Frida DTU database",66.9,1.5,6.9,3.7,,"{""A"":91.17,""D"":0.08,""E"":0.09,""B1"":0.01,""B2"":0.03,""B3"":0.1,""Folate"":3,""C"":6}","{""sodium"":30,""potassium"":57,""calcium"":25,""magnesium"":3,""iron"":0.07,""zinc"":0.3,""selenium"":2,""phosphor"":16}",frida_dtu,1167,true
frida-1169,"Yogurt, with fruit, 1.5 % fat",frugt,"Yogurt, with fruit, 1.5 % fat fra Frida DTU database",72.49,3.6,10.45,1.25,,"{""A"":15.17,""D"":0.04,""E"":0.04,""B1"":0.037,""B2"":0.164,""B3"":0.16,""Folate"":12,""C"":0}","{""sodium"":33,""potassium"":145,""calcium"":111,""magnesium"":11,""iron"":0.04,""zinc"":0.44,""selenium"":1.45,""phosphor"":92}",frida_dtu,1169,true
frida-1171,"Veal, fat, raw",fedtstoffer,"Veal, fat, raw fra Frida DTU database",274.4,17.3,,23,,"{""A"":0,""D"":0,""E"":0.15,""B1"":0.049,""B2"":0,""B3"":6,""Folate"":3,""C"":1}","{""sodium"":65,""potassium"":280,""calcium"":8,""magnesium"":20,""iron"":1.1,""zinc"":3.7,""selenium"":8.2,""phosphor"":158}",frida_dtu,1171,true
frida-1172,"Pork, neck, smoked, boiled",kød,"Pork, neck, smoked, boiled fra Frida DTU database",263.8,19.5,,20.6,,"{""A"":0,""D"":0.11,""E"":0.41,""B1"":0.628,""B2"":0.121,""B3"":5.49,""Folate"":4.6,""C"":0}","{""sodium"":844,""potassium"":261,""calcium"":6,""magnesium"":18,""iron"":0.78,""zinc"":4.9,""selenium"":7.15,""phosphor"":160}",frida_dtu,1172,true
frida-1173,"Biscuit, sweet",andre,"Biscuit, sweet fra Frida DTU database",502.19,5.3,61.88,26.12,,"{""A"":279,""D"":0.4,""E"":1.4,""B1"":0.05,""B2"":0.05,""B3"":0.65,""Folate"":5,""C"":0}","{""sodium"":216,""potassium"":157,""calcium"":10,""magnesium"":14,""iron"":0.4,""zinc"":0.6,""selenium"":2.1,""phosphor"":190}",frida_dtu,1173,true
frida-1174,"Cream, whipping, 38 % fat",mejeriprodukter,"Cream, whipping, 38 % fat fra Frida DTU database",360.35,2.12,3,38,,"{""A"":360.13,""D"":0.06,""E"":1,""B1"":0,""B2"":0,""B3"":0,""Folate"":3,""C"":0.8}","{""sodium"":28,""potassium"":94,""calcium"":67,""magnesium"":7,""iron"":0.05,""zinc"":0.24,""selenium"":1,""phosphor"":57}",frida_dtu,1174,true
frida-1176,"Honey",andre,"Honey fra Frida DTU database",327.2,0.3,75.1,,,"{""A"":0,""D"":0,""E"":0,""B1"":0,""B2"":0.1,""B3"":0.1,""Folate"":0,""C"":1.1}","{""sodium"":11,""potassium"":51,""calcium"":5,""magnesium"":3,""iron"":0.4,""zinc"":0.35,""selenium"":0,""phosphor"":7}",frida_dtu,1176,true
frida-1178,"Beverages, soy, commercially prepared, unfortified",andre,"Beverages, soy, commercially prepared, unfortified fra Frida DTU database",50.13,3,3,2,,"{""A"":0,""D"":0,""E"":0.19,""B1"":0.033,""B2"":0.017,""B3"":0.18,""Folate"":13.1,""C"":1}","{""sodium"":35,""potassium"":110,""calcium"":11,""magnesium"":16,""iron"":0.45,""zinc"":0.28,""selenium"":0.27,""phosphor"":45}",frida_dtu,1178,true
frida-1180,"Human milk, mature",mejeriprodukter,"Human milk, mature fra Frida DTU database",70.9,1.3,7.2,4.1,,"{""A"":62,""D"":0.04,""E"":0.34,""B1"":0.02,""B2"":0.03,""B3"":0.2,""Folate"":5,""C"":4}","{""sodium"":15,""potassium"":58,""calcium"":34,""magnesium"":3,""iron"":0.07,""zinc"":0.3,""selenium"":1,""phosphor"":15}",frida_dtu,1180,true
frida-1181,"Cream, cultured, 38 % fat",mejeriprodukter,"Cream, cultured, 38 % fat fra Frida DTU database",362.18,2.12,2.19,38.32,,"{""A"":289.67,""D"":0.38,""E"":0.71,""B1"":0.018,""B2"":0.173,""B3"":0.06,""Folate"":3,""C"":0.1}","{""sodium"":22,""potassium"":91,""calcium"":66,""magnesium"":7,""iron"":0.06,""zinc"":0.23,""selenium"":2.3,""phosphor"":59}",frida_dtu,1181,true
frida-1182,"Salmon, Atlantic, wild, salted",fisk,"Salmon, Atlantic, wild, salted fra Frida DTU database",197.8,8.5,,18.2,,"{""A"":40,""D"":13,""E"":2,""B1"":0.14,""B2"":0.24,""B3"":8.75,""C"":0}","{""sodium"":5510,""potassium"":390,""calcium"":16,""magnesium"":25,""iron"":0.4,""zinc"":0.43,""selenium"":26,""phosphor"":240}",frida_dtu,1182,true
frida-1184,"Black pudding, boiled",fedtstoffer,"Black pudding, boiled fra Frida DTU database",312.2,10.65,18.1,20.8,,"{""A"":6,""D"":1,""E"":0.15,""B1"":0.075,""B2"":0.035,""B3"":1.2,""Folate"":2,""C"":0}","{""sodium"":438,""potassium"":192,""calcium"":65,""magnesium"":20,""iron"":16.2,""zinc"":0.6,""selenium"":14,""phosphor"":84}",frida_dtu,1184,true
frida-1187,"Eggs, chicken, yolk, salted, pasteurized",kød,"Eggs, chicken, yolk, salted, pasteurized fra Frida DTU database",269.4,14,0.3,23,,"{""A"":480,""D"":3.95,""E"":10.11,""B1"":0.13,""B2"":0.43,""B3"":0.04,""Folate"":107,""C"":0}","{""sodium"":3780,""potassium"":117,""calcium"":114,""magnesium"":10,""iron"":3.75,""zinc"":2.66,""selenium"":37.7,""phosphor"":431}",frida_dtu,1187,true
frida-1188,"Charr, fillet, smoked",andre,"Charr, fillet, smoked fra Frida DTU database",203.5,27.7,,10.3,,"{""A"":0,""D"":9,""E"":1.9,""B1"":0.08,""B2"":0.1,""B3"":4.1,""Folate"":5.5,""C"":0}","{""sodium"":2340,""potassium"":460,""calcium"":20,""magnesium"":26,""iron"":0.26,""zinc"":0.52,""selenium"":26.97,""phosphor"":271}",frida_dtu,1188,true
frida-1189,"Milk, with chocolate, partly skimmed, 1.5 % fat (UHT)",mejeriprodukter,"Milk, with chocolate, partly skimmed, 1.5 % fat (UHT) fra Frida DTU database",69.29,3.6,9.35,1.7,,"{""A"":15.17,""D"":0.08,""E"":0.04,""B1"":0.037,""B2"":0.162,""B3"":0.14,""Folate"":4,""C"":0}","{""sodium"":44,""potassium"":212,""calcium"":115,""magnesium"":21,""iron"":0.35,""zinc"":0.49,""selenium"":1.3,""phosphor"":97}",frida_dtu,1189,true
frida-1190,"Gelatin",andre,"Gelatin fra Frida DTU database",348.5,86.9,,,,"{""A"":0,""D"":0,""E"":0,""B1"":0,""B2"":0.07,""B3"":0,""Folate"":0,""C"":0}","{""sodium"":298,""potassium"":12,""calcium"":280,""magnesium"":11,""iron"":1.2,""zinc"":0.2,""selenium"":1,""phosphor"":0}",frida_dtu,1190,true
frida-1191,"Margarine, (less than 50 % fat), average",fedtstoffer,"Margarine, (less than 50 % fat), average fra Frida DTU database",373.1,0.5,0.4,41.1,,"{""A"":840,""D"":0,""E"":14,""B1"":0.01,""B2"":0.025,""B3"":0.02,""Folate"":2,""C"":0}","{""sodium"":747,""potassium"":16,""calcium"":10,""magnesium"":0,""iron"":0.09,""zinc"":0.05,""selenium"":0,""phosphor"":16}",frida_dtu,1191,true
frida-1192,"Frankfurt sausage, fried, fast food",andre,"Frankfurt sausage, fried, fast food fra Frida DTU database",292,14.05,4,25.15,,"{""A"":0,""D"":0.11,""E"":0.1,""B1"":0.358,""B2"":0.103,""B3"":1.8,""Folate"":2,""C"":0}","{""sodium"":1070,""potassium"":209,""calcium"":22,""magnesium"":19,""iron"":0.79,""zinc"":1.31,""selenium"":7.2,""phosphor"":184}",frida_dtu,1192,true
frida-1193,"Pecans, oil roasted",fedtstoffer,"Pecans, oil roasted fra Frida DTU database",746.95,9.2,4.25,75.23,,"{""A"":13.33,""D"":0,""E"":5.1,""B1"":0,""B2"":0.11,""B3"":1,""Folate"":15,""C"":0.7}","{""sodium"":1,""potassium"":392,""calcium"":67,""magnesium"":121,""iron"":2.47,""zinc"":4.47,""selenium"":6,""phosphor"":263}",frida_dtu,1193,true
frida-1194,"Pecans, dry roasted",andre,"Pecans, dry roasted fra Frida DTU database",741.83,9.5,4,74,,"{""A"":13.33,""D"":0,""B1"":0.45,""B2"":0.107,""B3"":1.17,""Folate"":16,""C"":0.7}","{""sodium"":1,""potassium"":424,""calcium"":72,""magnesium"":132,""iron"":3,""zinc"":5.07,""phosphor"":293}",frida_dtu,1194,true
frida-1195,"Margarine, 40 % fat, vegetable fat",grøntsager,"Margarine, 40 % fat, vegetable fat fra Frida DTU database",374.1,0.5,0.4,41.3,,"{""A"":840,""D"":0,""E"":13,""B1"":0.01,""B2"":0,""B3"":0,""Folate"":2,""C"":0}","{""sodium"":747,""potassium"":16,""calcium"":10,""magnesium"":0,""iron"":0,""zinc"":0,""selenium"":0,""phosphor"":16}",frida_dtu,1195,true
frida-1196,"Brussels sprouts, automn (October to December), raw",andre,"Brussels sprouts, automn (October to December), raw fra Frida DTU database",57.1,4.8,4.4,0.5,,"{""A"":0,""D"":0,""B3"":0.91,""C"":140}","{""sodium"":8}",frida_dtu,1196,true
frida-1198,"Buckwheat flour",kornprodukter,"Buckwheat flour fra Frida DTU database",343.45,11.98,48.82,2.75,2.85,"{""A"":0,""D"":0,""E"":0,""B1"":0.45,""B2"":0.149,""B3"":2.32,""Folate"":57.5,""C"":0}","{""sodium"":0,""potassium"":410,""calcium"":15,""magnesium"":190,""iron"":2.25,""zinc"":1.4,""selenium"":2.75,""phosphor"":360}",frida_dtu,1198,true
frida-1199,"Yeast, dried",andre,"Yeast, dried fra Frida DTU database",314.9,32.47,14.3,1.5,,"{""A"":0,""D"":0,""E"":0,""B1"":2.33,""B2"":4,""B3"":36,""Folate"":130,""C"":0}","{""sodium"":52,""potassium"":2000,""calcium"":44,""magnesium"":230,""iron"":16.1,""zinc"":8,""selenium"":3,""phosphor"":1290}",frida_dtu,1199,true
frida-1200,"Squab (pigeon), raw",andre,"Squab (pigeon), raw fra Frida DTU database",287,18.2,,23.8,,"{""A"":73,""D"":1,""B1"":0.212,""B2"":0,""B3"":6.05,""Folate"":13,""C"":5.2}","{""sodium"":69,""potassium"":270,""calcium"":12,""magnesium"":22,""iron"":3.54,""zinc"":2.2,""phosphor"":248}",frida_dtu,1200,true
frida-1201,"Pork, thick belly, defatted, approx. 2 mm rind, raw",kød,"Pork, thick belly, defatted, approx. 2 mm rind, raw fra Frida DTU database",303.08,15.47,,26.8,,"{""A"":0,""D"":0.12,""E"":0.1,""B1"":0.48,""B2"":0.16,""B3"":2.4,""Folate"":1.5,""C"":0}","{""sodium"":57,""potassium"":190,""calcium"":5,""magnesium"":13,""iron"":0.51,""zinc"":3.6,""selenium"":6.9,""phosphor"":90}",frida_dtu,1201,true
frida-1202,"Cheese, processed, 20 % fidm.",mejeriprodukter,"Cheese, processed, 20 % fidm. fra Frida DTU database",223.49,22.24,0.97,12.37,,"{""A"":112.79,""D"":0.19,""E"":0.28,""B1"":0.091,""B2"":0.436,""B3"":0.1,""Folate"":3.04,""C"":0}","{""sodium"":589,""potassium"":115,""calcium"":655,""magnesium"":25,""iron"":0.25,""zinc"":2.55,""selenium"":9.86,""phosphor"":910}",frida_dtu,1202,true
frida-1203,"Cheese, firm, Danbo, 20 % fidm.",mejeriprodukter,"Cheese, firm, Danbo, 20 % fidm. fra Frida DTU database",224.54,27.15,,12.4,,"{""A"":111.83,""D"":0.15,""E"":0.31,""B1"":0.06,""B2"":0.32,""B3"":0.1,""Folate"":58,""C"":0}","{""sodium"":984,""potassium"":71,""calcium"":705,""magnesium"":31,""iron"":0.09,""zinc"":3.2,""selenium"":9.5,""phosphor"":550}",frida_dtu,1203,true
frida-1204,"Seaweed, kombu, dried",andre,"Seaweed, kombu, dried fra Frida DTU database",244.7,7.9,49.5,0.5,,"{""A"":73.33,""D"":0,""E"":0.87,""B1"":0.21,""B2"":0.32,""B3"":1.5,""C"":0}","{""sodium"":3100,""potassium"":7500,""calcium"":680,""iron"":3.3,""zinc"":1,""selenium"":0.7,""phosphor"":250}",frida_dtu,1204,true
frida-1205,"Milk, with chocolate, partly skimmed, 1.5 % fat",mejeriprodukter,"Milk, with chocolate, partly skimmed, 1.5 % fat fra Frida DTU database",69.35,3.67,8.78,1.77,,"{""A"":14.33,""D"":0.08,""E"":0.04,""B1"":0.038,""B2"":0.155,""B3"":0.14,""Folate"":4,""C"":0}","{""sodium"":47,""potassium"":188,""calcium"":112,""magnesium"":19,""iron"":0.44,""zinc"":0.47,""selenium"":2.45,""phosphor"":95}",frida_dtu,1205,true
frida-1206,"Cocoa, instant, without milk, powder",mejeriprodukter,"Cocoa, instant, without milk, powder fra Frida DTU database",392.4,4.07,73.6,3.8,,"{""A"":0,""D"":0,""E"":0.1,""B1"":0.06,""B2"":0.04,""B3"":0.5,""Folate"":9,""C"":0}","{""sodium"":217,""potassium"":842,""calcium"":33,""magnesium"":133,""iron"":7,""zinc"":2.3,""selenium"":1.5,""phosphor"":190}",frida_dtu,1206,true
frida-1207,"Yeast extract, Marmite",andre,"Yeast extract, Marmite fra Frida DTU database",155.4,27.8,1.6,1,,"{""A"":0,""D"":0,""E"":0,""B1"":9.7,""B2"":14.3,""B3"":97,""Folate"":83,""C"":0}","{""sodium"":3600,""potassium"":2600,""calcium"":86,""magnesium"":180,""iron"":3.7,""zinc"":2.1,""selenium"":18,""phosphor"":104}",frida_dtu,1207,true
frida-1209,"French fries, deepfried, fast food",andre,"French fries, deepfried, fast food fra Frida DTU database",302.29,3.78,27.37,13.88,2.44,"{""A"":0,""D"":0,""E"":1.18,""B1"":0.125,""B2"":0.058,""B3"":0.99,""Folate"":3,""C"":23.3}","{""sodium"":386,""potassium"":595,""calcium"":13,""magnesium"":33,""iron"":0.79,""zinc"":0.51,""selenium"":2.09,""phosphor"":122}",frida_dtu,1209,true
frida-1210,"Egg, hen, yolk, sugar added, pasteurized, frozen",andre,"Egg, hen, yolk, sugar added, pasteurized, frozen fra Frida DTU database",313.4,14.2,10.3,23.4,,"{""A"":428,""D"":3.95,""E"":10.11,""B1"":0.179,""B2"":0.345,""B3"":0.1,""Folate"":109,""C"":0}","{""sodium"":56,""potassium"":83,""calcium"":108,""magnesium"":12,""iron"":3.9,""zinc"":2.37,""phosphor"":357}",frida_dtu,1210,true
frida-1211,"Cheese, firm, 20 % fidm., all varieties",mejeriprodukter,"Cheese, firm, 20 % fidm., all varieties fra Frida DTU database",223.5,30.03,,11.01,,"{""A"":96,""D"":0.14,""E"":0.16,""B1"":0.06,""B2"":0.32,""B3"":0.1,""Folate"":60,""C"":0}","{""sodium"":840,""potassium"":70,""calcium"":753,""magnesium"":32,""iron"":0.09,""zinc"":3.83,""selenium"":12,""phosphor"":549}",frida_dtu,1211,true
frida-1215,"Cheese, Cream, 60 % fidm.",mejeriprodukter,"Cheese, Cream, 60 % fidm. fra Frida DTU database",333.76,10.2,2.12,31.5,,"{""A"":291.17,""D"":0.31,""E"":0.8,""B1"":0.04,""B2"":0.2,""B3"":0.1,""Folate"":13,""C"":0}","{""sodium"":573,""potassium"":119,""calcium"":200,""magnesium"":6,""iron"":0.3,""zinc"":0.54,""selenium"":3.5,""phosphor"":160}",frida_dtu,1215,true
frida-1216,"Tomato paste, concentrated",grøntsager,"Tomato paste, concentrated fra Frida DTU database",88.95,4.32,14.5,0.47,,"{""A"":150.17,""D"":0,""E"":4.6,""B1"":0.06,""B2"":0.153,""B3"":3.08,""Folate"":4,""C"":17.8}","{""sodium"":98,""potassium"":1014,""calcium"":64,""magnesium"":60,""iron"":2.98,""zinc"":0.4,""selenium"":0.4,""phosphor"":86}",frida_dtu,1216,true
frida-1217,"Beans, soy, dried, raw",bælgfrugter,"Beans, soy, dried, raw fra Frida DTU database",412,35.46,10.9,18.4,,"{""A"":2.17,""D"":0,""E"":0.85,""B1"":0.874,""B2"":0.87,""B3"":1.62,""Folate"":25}","{""sodium"":4,""potassium"":1676,""calcium"":163,""magnesium"":225,""iron"":15.7,""zinc"":1,""selenium"":8.8,""phosphor"":467}",frida_dtu,1217,true
frida-1218,"Meat extract, cube",kød,"Meat extract, cube fra Frida DTU database",238.49,15.97,10.9,8.89,,"{""A"":0,""D"":0,""E"":2.17,""B1"":0.07,""B2"":0.243,""B3"":4.47,""Folate"":32,""C"":0}","{""sodium"":22500,""potassium"":511,""calcium"":60,""magnesium"":43,""iron"":1,""zinc"":0,""selenium"":27.6,""phosphor"":320}",frida_dtu,1218,true
frida-1220,"Mackerel, smoked",fisk,"Mackerel, smoked fra Frida DTU database",300,18.02,,25.33,,"{""A"":49.5,""D"":0,""E"":0.54,""B1"":0.125,""B2"":0.3,""B3"":7.45,""Folate"":3,""C"":0.18}","{""sodium"":577,""potassium"":260,""calcium"":17,""magnesium"":26,""iron"":0.87,""zinc"":0.5,""selenium"":42,""phosphor"":172}",frida_dtu,1220,true
frida-1221,"Beef brisket, soaked in brine",kød,"Beef brisket, soaked in brine fra Frida DTU database",274.9,19,,22.1,,"{""A"":42,""D"":0.9,""E"":0.9,""B1"":0.032,""B2"":0.138,""B3"":5,""Folate"":4,""C"":0}","{""sodium"":571,""potassium"":130,""calcium"":5,""magnesium"":17,""iron"":2.04,""zinc"":3.1,""selenium"":6.5,""phosphor"":267}",frida_dtu,1221,true
frida-1223,"Salad dressing, thousand island",andre,"Salad dressing, thousand island fra Frida DTU database",377.7,1.09,15.9,35.06,,"{""A"":19.33,""D"":0,""E"":4,""B1"":1.445,""B2"":0.058,""B3"":0.42,""Folate"":0,""C"":0}","{""sodium"":863,""potassium"":107,""calcium"":17,""magnesium"":8,""iron"":1.18,""zinc"":0.26,""selenium"":1,""phosphor"":27}",frida_dtu,1223,true
frida-1224,"Biscuit, sweet",andre,"Biscuit, sweet fra Frida DTU database",466.51,5.44,66.41,17.79,,"{""A"":0.6,""D"":0,""E"":4.1,""B1"":0.1,""B2"":0.1,""B3"":1.62,""Folate"":7.5,""C"":0}","{""sodium"":352,""potassium"":197,""calcium"":508,""magnesium"":25,""iron"":0.6,""zinc"":0.5,""selenium"":1.9,""phosphor"":445}",frida_dtu,1224,true
frida-1225,"Rice groats, raw",kornprodukter,"Rice groats, raw fra Frida DTU database",359.9,6.5,78.1,1.3,,"{""A"":0,""D"":0,""E"":0.05,""B1"":0.07,""B2"":0.035,""B3"":1.4,""Folate"":31,""C"":0}","{""sodium"":2,""potassium"":150,""calcium"":6,""magnesium"":35,""iron"":1.2,""zinc"":1.7,""selenium"":0.9,""phosphor"":103}",frida_dtu,1225,true
frida-1226,"Pork, ham, smoked",kød,"Pork, ham, smoked fra Frida DTU database",230.6,28.4,,13,,"{""A"":0,""D"":0.1,""E"":0.03,""B1"":0.41,""B2"":0.19,""B3"":3.4,""Folate"":2,""C"":0}","{""sodium"":2405,""potassium"":256,""calcium"":5,""magnesium"":20,""iron"":0.9,""zinc"":3.6,""selenium"":12.1,""phosphor"":275}",frida_dtu,1226,true
frida-1227,"Cheese, processed, 30 % fidm.",mejeriprodukter,"Cheese, processed, 30 % fidm. fra Frida DTU database",256.1,26.4,0.45,16.5,,"{""A"":152.17,""D"":0.18,""E"":0.42,""B1"":0.09,""B2"":0.43,""B3"":0.1,""Folate"":3,""C"":0}","{""sodium"":566,""potassium"":106,""calcium"":650,""magnesium"":26,""iron"":0.26,""zinc"":2.75,""selenium"":8.8,""phosphor"":900}",frida_dtu,1227,true
frida-1228,"Cheese, Brie, 45 % fidm.",mejeriprodukter,"Cheese, Brie, 45 % fidm. fra Frida DTU database",284.65,20.78,0.09,22.01,,"{""A"":206.5,""D"":0.23,""E"":0.57,""B1"":0.05,""B2"":0.34,""B3"":0.38,""Folate"":1,""C"":0}","{""sodium"":647,""potassium"":108,""calcium"":720,""magnesium"":20,""iron"":0.21,""zinc"":2.38,""selenium"":7,""phosphor"":370}",frida_dtu,1228,true
frida-1229,"Chicken, flesh and skin, battered, deepfried",kød,"Chicken, flesh and skin, battered, deepfried fra Frida DTU database",282.31,22.54,8.49,17.35,,"{""A"":28,""D"":1.5,""B1"":0.115,""B2"":0.189,""B3"":7.04,""Folate"":18,""C"":0}","{""sodium"":292,""potassium"":185,""calcium"":21,""magnesium"":21,""iron"":1.37,""zinc"":1.67,""selenium"":15,""phosphor"":155}",frida_dtu,1229,true
frida-1230,"Egg, chicken, yolk, raw",kød,"Egg, chicken, yolk, raw fra Frida DTU database",323.69,15.62,0.2,28.38,,"{""A"":616.1,""D"":1.06,""E"":10.11,""B1"":0.217,""B2"":0.575,""B3"":0.03,""Folate"":47,""C"":0}","{""sodium"":58,""potassium"":103,""calcium"":138,""magnesium"":12,""iron"":5.33,""zinc"":3.74,""selenium"":42.38,""phosphor"":499}",frida_dtu,1230,true
frida-1232,"Beef, meat, approx. 25 % fat, raw",kød,"Beef, meat, approx. 25 % fat, raw fra Frida DTU database",321.84,16.4,,28.4,,"{""A"":42,""D"":0.9,""E"":0.9,""B1"":0.032,""B2"":0.138,""B3"":5,""Folate"":4,""C"":0}","{""sodium"":62,""potassium"":272,""calcium"":4,""magnesium"":17,""iron"":1.6,""zinc"":3.9,""selenium"":6.5,""phosphor"":170}",frida_dtu,1232,true
frida-1233,"Beef, brisket, posterior part, raw",mejeriprodukter,"Beef, brisket, posterior part, raw fra Frida DTU database",278.2,7,,27.8,,"{""A"":34,""D"":0.9,""E"":0.84,""B1"":0.031,""B2"":0.15,""B3"":5,""Folate"":4,""C"":0}","{""sodium"":65,""potassium"":260,""calcium"":5,""magnesium"":17,""iron"":1.6,""zinc"":3.9,""selenium"":7.7,""phosphor"":133}",frida_dtu,1233,true
frida-1234,"Lamb, meat, average values, raw",kød,"Lamb, meat, average values, raw fra Frida DTU database",330.1,13.9,,30.5,,"{""A"":45,""D"":0.4,""E"":0.7,""B1"":0.18,""B2"":0.3,""B3"":4.3,""Folate"":1,""C"":1}","{""sodium"":66,""potassium"":218,""calcium"":20,""magnesium"":17,""iron"":1.5,""zinc"":3.42,""selenium"":6.05,""phosphor"":130}",frida_dtu,1234,true
frida-1235,"Cheese, Camembert, 45 % fidm.",mejeriprodukter,"Cheese, Camembert, 45 % fidm. fra Frida DTU database",287.95,21.4,0.1,22.4,,"{""A"":206.5,""D"":0.23,""E"":0.57,""B1"":0.045,""B2"":0.45,""B3"":1.8,""Folate"":62,""C"":0}","{""sodium"":1297,""potassium"":187,""calcium"":720,""magnesium"":20,""iron"":0.18,""zinc"":2,""selenium"":7,""phosphor"":370}",frida_dtu,1235,true
frida-1236,"Chicken, flesh and skin, deepfried",kød,"Chicken, flesh and skin, deepfried fra Frida DTU database",260.23,28.3,,16.29,,"{""A"":47,""D"":1.5,""B1"":0.063,""B2"":0.168,""B3"":8.5,""Folate"":5,""C"":0}","{""sodium"":338,""potassium"":262,""calcium"":15,""magnesium"":23,""iron"":1.3,""zinc"":2,""selenium"":18,""phosphor"":182}",frida_dtu,1236,true
frida-1237,"Beef, brisket, middle part, raw",kød,"Beef, brisket, middle part, raw fra Frida DTU database",228.99,15.9,,18.36,,"{""A"":36,""D"":0.9,""E"":0.88,""B1"":0.033,""B2"":0.155,""B3"":4.9,""Folate"":4,""C"":0}","{""sodium"":65,""potassium"":254,""calcium"":4,""magnesium"":17,""iron"":1.6,""zinc"":3.9,""selenium"":6.5,""phosphor"":170}",frida_dtu,1237,true
frida-1238,"Bucklingpaté (sweet cured herring, smoked)",andre,"Bucklingpaté (sweet cured herring, smoked) fra Frida DTU database",345.7,11.1,0.2,33.1,,"{""A"":141.5,""D"":8}","{""sodium"":700,""potassium"":199,""calcium"":31,""magnesium"":18,""iron"":1.21,""zinc"":0.9,""selenium"":20,""phosphor"":131}",frida_dtu,1238,true
frida-1240,"Buckwheat groats, raw",kornprodukter,"Buckwheat groats, raw fra Frida DTU database",355.2,7,76.37,1.4,,"{""A"":2,""D"":0,""E"":0.1,""B1"":0.39,""B2"":0.1,""B3"":3.5,""Folate"":29,""C"":0}","{""sodium"":1,""potassium"":242,""calcium"":11,""magnesium"":101,""iron"":1.5,""zinc"":2.5,""selenium"":20,""phosphor"":155}",frida_dtu,1240,true
frida-1243,"Cheese, semihard, Feta, 50 % fidm",mejeriprodukter,"Cheese, semihard, Feta, 50 % fidm fra Frida DTU database",303.15,18,0.16,25.14,,"{""A"":232.5,""D"":0.26,""E"":0.64,""B1"":0,""B2"":0.45,""B3"":2,""Folate"":62,""C"":0}","{""sodium"":1057,""potassium"":187,""calcium"":220,""magnesium"":20,""iron"":0.18,""zinc"":2.38,""selenium"":5.9,""phosphor"":224}",frida_dtu,1243,true
frida-1244,"Cheese, firm, skimmed milk, max. 5 % fidm.",mejeriprodukter,"Cheese, firm, skimmed milk, max. 5 % fidm. fra Frida DTU database",184.5,43.1,0.1,0.9,,"{""A"":8.67,""D"":0.05,""E"":0,""B3"":9.91}","{""sodium"":440,""calcium"":1280,""selenium"":14,""phosphor"":780}",frida_dtu,1244,true
frida-1246,"Tomato puree",grøntsager,"Tomato puree fra Frida DTU database",43.4,1.6,4.83,0.2,,"{""A"":122.33,""D"":0,""E"":2,""B1"":0.1,""B2"":0.05,""B3"":1.3,""Folate"":2,""C"":9}","{""sodium"":433,""potassium"":798,""calcium"":20,""magnesium"":30,""iron"":0.6,""zinc"":0.2,""selenium"":0.4,""phosphor"":42}",frida_dtu,1246,true
frida-1248,"Eel, raw",andre,"Eel, raw fra Frida DTU database",309.7,15.1,,27.7,,"{""A"":1,""D"":30,""E"":8,""B1"":0.15,""B2"":0.31,""B3"":3.8,""Folate"":14,""C"":1}","{""sodium"":46,""potassium"":256,""calcium"":35,""magnesium"":15,""iron"":0.35,""zinc"":2,""selenium"":26.34,""phosphor"":200}",frida_dtu,1248,true
frida-1249,"Pork, thick belly with rind, raw",kød,"Pork, thick belly with rind, raw fra Frida DTU database",358,15,,33.07,,"{""A"":13.95,""D"":0.14,""E"":0.4,""B1"":0.51,""B2"":0.125,""B3"":3.8,""Folate"":5.1,""C"":0}","{""sodium"":58,""potassium"":217,""calcium"":7,""magnesium"":13,""iron"":0.47,""zinc"":1.31,""selenium"":6.9,""phosphor"":128}",frida_dtu,1249,true
frida-1250,"Remoulade, average values",andre,"Remoulade, average values fra Frida DTU database",379.73,1.1,12,36.84,,"{""A"":54,""D"":1.02,""E"":7.5,""B1"":0.025,""B2"":0.038,""B3"":0,""Folate"":7,""C"":2}","{""sodium"":265,""potassium"":49,""calcium"":14,""magnesium"":3,""iron"":1.2,""zinc"":0.6,""selenium"":1.6,""phosphor"":55}",frida_dtu,1250,true
frida-1251,"Beef, flatribs (short ribs), raw",kød,"Beef, flatribs (short ribs), raw fra Frida DTU database",330.3,15.3,,29.9,,"{""A"":37,""D"":0.9,""E"":0.9,""B1"":0.031,""B2"":0.14,""B3"":4.8,""Folate"":4,""C"":0}","{""sodium"":70,""potassium"":250,""calcium"":4,""magnesium"":17,""iron"":1.6,""zinc"":3.8,""selenium"":6.5,""phosphor"":170}",frida_dtu,1251,true
frida-1252,"Rice, polished, raw",kornprodukter,"Rice, polished, raw fra Frida DTU database",354.2,8.4,78.1,1.2,,"{""A"":0,""D"":0,""E"":0.05,""B1"":0.07,""B2"":0.035,""B3"":1.4,""Folate"":31,""C"":0}","{""sodium"":2,""potassium"":150,""calcium"":53,""magnesium"":35,""iron"":1.2,""zinc"":1.7,""selenium"":6,""phosphor"":130}",frida_dtu,1252,true
frida-1253,"Bouillon, beef, concentrated, cube",kød,"Bouillon, beef, concentrated, cube fra Frida DTU database",160,17,15.95,3.2,,"{""A"":0,""D"":0,""E"":0,""B1"":0.05,""B2"":3.4,""B3"":8.8,""Folate"":0,""C"":0}","{""sodium"":22500,""potassium"":170,""calcium"":60,""magnesium"":120,""iron"":2.9,""zinc"":1.8,""selenium"":0,""phosphor"":360}",frida_dtu,1253,true
frida-1255,"Rice flour",kornprodukter,"Rice flour fra Frida DTU database",360,7,78.1,1.3,,"{""A"":0,""D"":0,""E"":0,""B1"":0.08,""B2"":0.03,""B3"":1.9,""Folate"":8,""C"":0}","{""sodium"":3,""potassium"":117,""calcium"":5,""magnesium"":36,""iron"":1.1,""zinc"":1.7,""selenium"":3.1,""phosphor"":96}",frida_dtu,1255,true
frida-1256,"Cocoa, powder",andre,"Cocoa, powder fra Frida DTU database",405,16.46,10.5,21.9,,"{""A"":6.67,""D"":0,""E"":0.2,""B1"":0.1,""B2"":0.15,""B3"":2,""Folate"":31,""C"":0}","{""sodium"":35,""potassium"":3490,""calcium"":105,""magnesium"":523,""iron"":11,""zinc"":10.1,""selenium"":14.3,""phosphor"":660}",frida_dtu,1256,true
frida-1257,"Olives, black, salted, in oil",fedtstoffer,"Olives, black, salted, in oil fra Frida DTU database",358.2,2.2,1.8,36,,"{""A"":6.67,""D"":0,""E"":1.99,""B1"":0,""B2"":0,""B3"":0,""C"":0}","{""sodium"":3288,""potassium"":38,""calcium"":80,""magnesium"":16,""iron"":1.6,""zinc"":0.15,""selenium"":0.9,""phosphor"":29}",frida_dtu,1257,true
frida-1258,"Rye flour, bolted (extraction rate 85 %)",kornprodukter,"Rye flour, bolted (extraction rate 85 %) fra Frida DTU database",339.36,7.8,67,1.8,,"{""A"":0,""D"":0,""E"":1,""B1"":0.33,""B2"":0.082,""B3"":1.66,""Folate"":70,""C"":0}","{""sodium"":3,""potassium"":313,""calcium"":29,""magnesium"":51,""iron"":2,""zinc"":1.72,""selenium"":2,""phosphor"":190}",frida_dtu,1258,true
frida-1259,"Cheese, firm, Danbo, 30 % fidm.",mejeriprodukter,"Cheese, firm, Danbo, 30 % fidm. fra Frida DTU database",257.21,27.69,,15.81,,"{""A"":143.33,""D"":0.17,""E"":0.4,""B1"":0.055,""B2"":0.325,""B3"":0.1,""Folate"":1,""C"":0}","{""sodium"":737,""potassium"":83,""calcium"":723,""magnesium"":32,""iron"":0.18,""zinc"":4,""selenium"":10,""phosphor"":580}",frida_dtu,1259,true
frida-1261,"Beef, flank, raw",kød,"Beef, flank, raw fra Frida DTU database",335.3,16.1,,30.1,,"{""A"":38,""D"":0.9,""E"":0.91,""B1"":0,""B2"":0,""B3"":5,""Folate"":4,""C"":0}","{""sodium"":65,""potassium"":250,""calcium"":4,""magnesium"":17,""iron"":1.4,""zinc"":3.8,""selenium"":6.5,""phosphor"":170}",frida_dtu,1261,true
frida-1262,"Tomato ketchup, bottled",grøntsager,"Tomato ketchup, bottled fra Frida DTU database",113.8,2.5,18.4,2.4,,"{""A"":99.83,""D"":0,""E"":1.5,""B1"":0.04,""B2"":0.05,""B3"":0.6,""Folate"":2,""C"":3.94}","{""sodium"":1090,""potassium"":376,""calcium"":19,""magnesium"":18,""iron"":0.6,""zinc"":0.2,""selenium"":0.4,""phosphor"":34}",frida_dtu,1262,true
frida-1265,"Milk, whole, 3.5, (UHT), % fat",mejeriprodukter,"Milk, whole, 3.5, (UHT), % fat fra Frida DTU database",63.08,3.42,4.61,3.46,,"{""A"":33.67,""D"":0.1,""E"":0.09,""B1"":0.042,""B2"":0.173,""B3"":0.09,""Folate"":4,""C"":1.2}","{""sodium"":43,""potassium"":148,""calcium"":112,""magnesium"":11,""iron"":0.06,""zinc"":0.47,""selenium"":1.64,""phosphor"":89}",frida_dtu,1265,true
frida-1266,"Milk, whole, organic, 3.5 % fat",mejeriprodukter,"Milk, whole, organic, 3.5 % fat fra Frida DTU database",64.24,3.41,4.4,3.45,,"{""A"":37,""D"":0,""E"":0,""B1"":0.04,""B2"":0,""B3"":0,""Folate"":4,""C"":1}","{""sodium"":35,""potassium"":149,""calcium"":119,""magnesium"":11,""iron"":0.02,""zinc"":0.36,""selenium"":4.4,""phosphor"":91}",frida_dtu,1266,true
frida-1268,"Lamb, loin, raw",kød,"Lamb, loin, raw fra Frida DTU database",289.55,15.8,,20.39,,"{""A"":45,""D"":0.4,""E"":0.7,""B1"":0.09,""B2"":0.16,""B3"":4,""Folate"":1.4,""C"":0}","{""sodium"":61,""potassium"":230,""calcium"":13,""magnesium"":17,""iron"":1.2,""zinc"":2.1,""selenium"":1.4,""phosphor"":198}",frida_dtu,1268,true
frida-1269,"Pork, meat, approx. 32 % fat, raw",kød,"Pork, meat, approx. 32 % fat, raw fra Frida DTU database",345.6,14.4,,32,,"{""A"":0,""D"":0.12,""E"":0.1,""B1"":0.57,""B2"":0.18,""B3"":2.8,""Folate"":2.5,""C"":0}","{""sodium"":55,""potassium"":204,""calcium"":6,""magnesium"":14,""iron"":0.63,""zinc"":3.6,""selenium"":6.9,""phosphor"":130}",frida_dtu,1269,true
frida-1270,"Yoghurt with strawberries",mejeriprodukter,"Yoghurt with strawberries fra Frida DTU database",84.14,3.3,10.58,3.1,,"{""A"":28.33,""D"":0.09,""E"":0.08,""B1"":0.036,""B2"":0,""B3"":0,""Folate"":17.5,""C"":0}","{""sodium"":40,""potassium"":148,""calcium"":119,""magnesium"":12,""iron"":0,""zinc"":0.49,""selenium"":1.3,""phosphor"":88}",frida_dtu,1270,true
frida-1271,"Rice, parboiled, raw",fedtstoffer,"Rice, parboiled, raw fra Frida DTU database",357.62,7.8,78.06,1,,"{""A"":0,""D"":0,""E"":0.05,""B1"":1,""B2"":0,""B3"":5,""Folate"":9,""C"":0}","{""sodium"":2,""potassium"":150,""calcium"":130,""magnesium"":35,""iron"":1.2,""zinc"":1.7,""selenium"":6,""phosphor"":171}",frida_dtu,1271,true
frida-1272,"Potato flour",grøntsager,"Potato flour fra Frida DTU database",342.3,0.47,84.2,0.1,,"{""A"":0,""D"":0,""E"":0,""B1"":0.005,""B2"":0.003,""B3"":0.08,""Folate"":82,""C"":0}","{""sodium"":4,""potassium"":34,""calcium"":25,""magnesium"":6,""iron"":0.38,""zinc"":0.16,""selenium"":0.4,""phosphor"":7}",frida_dtu,1272,true
frida-1273,"Yoghurt with mixed berries",mejeriprodukter,"Yoghurt with mixed berries fra Frida DTU database",86.13,3.3,10.64,3.1,,"{""A"":28.33,""D"":0.09,""E"":0.08,""B1"":0.036,""B2"":0.163,""B3"":0.12,""Folate"":23,""C"":0}","{""sodium"":41,""potassium"":150,""calcium"":111,""magnesium"":12,""iron"":0.08,""zinc"":0.49,""selenium"":1.65,""phosphor"":85}",frida_dtu,1273,true
frida-1274,"Cheese, firm, 30 % fidm., all varieties",mejeriprodukter,"Cheese, firm, 30 % fidm., all varieties fra Frida DTU database",262.8,28.7,1.59,16,,"{""A"":147.67,""D"":0.18,""E"":0.41,""B1"":0.055,""B2"":0.325,""B3"":0.1,""Folate"":1,""C"":0}","{""sodium"":729,""potassium"":81,""calcium"":733,""magnesium"":32,""iron"":0.19,""zinc"":4.5,""selenium"":9.5,""phosphor"":590}",frida_dtu,1274,true
frida-1275,"Baby food, infant formula, high iron content, powder",andre,"Baby food, infant formula, high iron content, powder fra Frida DTU database",505,11.3,57,25.85,,"{""A"":465,""D"":8.25,""E"":4.35,""B1"":0.433,""B2"":0.545,""B3"":6.8,""Folate"":43,""C"":67}","{""sodium"":213,""potassium"":565,""calcium"":422,""magnesium"":48,""iron"":5.2,""zinc"":4.05,""selenium"":12,""phosphor"":261}",frida_dtu,1275,true
frida-1276,"Peach, dried",andre,"Peach, dried fra Frida DTU database",332.95,4.89,51.1,1.03,,"{""A"":83.33,""D"":0,""B1"":0.002,""B2"":0.065,""B3"":1.3,""Folate"":10,""C"":4.8}","{""sodium"":79,""potassium"":945,""calcium"":25,""magnesium"":80,""iron"":6.8,""zinc"":0.57,""phosphor"":120}",frida_dtu,1276,true
frida-1277,"Cheese, Camembert, 50 % fidm.",mejeriprodukter,"Cheese, Camembert, 50 % fidm. fra Frida DTU database",305.09,17.45,0.1,26.14,,"{""A"":242.17,""D"":0.27,""E"":0.67,""B1"":0.045,""B2"":0.45,""B3"":1.8,""Folate"":3,""C"":0}","{""sodium"":570,""potassium"":98,""calcium"":490,""magnesium"":20,""iron"":0.18,""zinc"":2.38,""selenium"":7,""phosphor"":400}",frida_dtu,1277,true
frida-1284,"Yoghurt with peach melba",mejeriprodukter,"Yoghurt with peach melba fra Frida DTU database",87.45,3.3,10.71,3.2,,"{""A"":29.33,""D"":0.09,""E"":0.08,""B1"":0.036,""B2"":0.163,""B3"":0.12,""Folate"":21,""C"":0.2}","{""sodium"":40,""potassium"":150,""calcium"":114,""magnesium"":12,""iron"":0.08,""zinc"":0.49,""selenium"":1.65,""phosphor"":89}",frida_dtu,1284,true
frida-1286,"Yoghurt, whole milk, with fruit",frugt,"Yoghurt, whole milk, with fruit fra Frida DTU database",88.64,3.3,10.29,3.2,,"{""A"":17.83,""D"":0.09,""E"":0.06,""B1"":0.037,""B2"":0.163,""B3"":0.13,""Folate"":23,""C"":0}","{""sodium"":32,""potassium"":151,""calcium"":118,""magnesium"":12,""iron"":0.08,""zinc"":0.39,""selenium"":1.65,""phosphor"":88}",frida_dtu,1286,true
frida-1288,"Cheese, firm, Maribo, 30 % fidm.",mejeriprodukter,"Cheese, firm, Maribo, 30 % fidm. fra Frida DTU database",268,29.1,1.59,16.4,,"{""A"":151,""D"":0.18,""E"":0.42,""B1"":0,""B2"":0.325,""B3"":0.1,""Folate"":1,""C"":0}","{""sodium"":872,""potassium"":81,""calcium"":930,""magnesium"":32,""iron"":0.19,""zinc"":4.5,""selenium"":10,""phosphor"":560}",frida_dtu,1288,true
frida-1289,"Yoghurt with pear and banana",frugt,"Yoghurt with pear and banana fra Frida DTU database",88.57,3.3,10.29,3.2,,"{""A"":29.33,""D"":0.09,""E"":0.08,""B1"":0.036,""B2"":0.163,""B3"":0.12,""Folate"":23,""C"":0}","{""sodium"":41,""potassium"":152,""calcium"":118,""magnesium"":12,""iron"":0.09,""zinc"":0.49,""selenium"":1.3,""phosphor"":88}",frida_dtu,1289,true
frida-1290,"Yoghurt with cherries",mejeriprodukter,"Yoghurt with cherries fra Frida DTU database",89.27,3.4,10.29,3.1,,"{""A"":28.33,""D"":0.09,""E"":0.08,""B1"":0.036,""B2"":0.163,""B3"":0.12,""Folate"":23,""C"":0}","{""sodium"":41,""potassium"":152,""calcium"":118,""magnesium"":12,""iron"":0.09,""zinc"":0.49,""selenium"":1.3,""phosphor"":88}",frida_dtu,1290,true
frida-1291,"Milk, acidophilus cultured from whole milk, 3.5% fat",mejeriprodukter,"Milk, acidophilus cultured from whole milk, 3.5% fat fra Frida DTU database",64.64,4.88,3.52,3.45,,"{""A"":24.5,""D"":0.1,""E"":0.08,""B1"":0.04,""B2"":0.215,""B3"":0.11,""Folate"":6.2,""C"":0.3}","{""sodium"":36,""potassium"":153,""calcium"":126,""magnesium"":12,""iron"":0.03,""zinc"":0.54,""selenium"":2.85,""phosphor"":100}",frida_dtu,1291,true
frida-1292,"Poppy seeds",andre,"Poppy seeds fra Frida DTU database",549.26,18.41,13.7,44.7,,"{""A"":0,""D"":0,""E"":0.5,""B1"":0.849,""B2"":0.173,""B3"":0.98,""Folate"":0,""C"":0}","{""sodium"":21,""potassium"":700,""calcium"":1448,""magnesium"":331,""iron"":9.39,""zinc"":10.23,""selenium"":11,""phosphor"":849}",frida_dtu,1292,true
frida-1294,"Barley flour, raw",kornprodukter,"Barley flour, raw fra Frida DTU database",338,9.2,56,3,,"{""A"":0,""D"":0,""E"":0.25,""B1"":0.33,""B2"":0.11,""B3"":5.7,""C"":0}","{""sodium"":3,""potassium"":360,""calcium"":23,""magnesium"":89,""iron"":4.5,""zinc"":2.8,""selenium"":1,""phosphor"":300}",frida_dtu,1294,true
frida-1295,"Pastilles, sugar added, unspecified",andre,"Pastilles, sugar added, unspecified fra Frida DTU database",371.44,4.4,84.86,1.6,,"{}","{""sodium"":178,""potassium"":355,""calcium"":80,""magnesium"":102,""iron"":7,""zinc"":0.31}",frida_dtu,1295,true
frida-1296,"Pasta, boiled",fedtstoffer,"Pasta, boiled fra Frida DTU database",127.6,5,26.88,,,"{""A"":0,""D"":0,""E"":0.07,""B1"":0.04,""B2"":0.01,""B3"":0.3,""Folate"":0,""C"":0}","{""sodium"":2,""potassium"":78,""calcium"":13,""magnesium"":24,""iron"":0.6,""zinc"":0.7,""selenium"":1.8,""phosphor"":50}",frida_dtu,1296,true
frida-1297,"Corn flour",kornprodukter,"Corn flour fra Frida DTU database",360.8,8,88.26,2.8,,"{""A"":16.17,""D"":0,""E"":1.11,""B1"":0.33,""B2"":0.11,""B3"":5.7,""Folate"":20}","{""sodium"":1,""potassium"":120,""calcium"":6,""magnesium"":47,""iron"":1.1,""zinc"":0.5,""selenium"":3.2,""phosphor"":99}",frida_dtu,1297,true
frida-1299,"Cheese, semihard, Mozzarella, 30 % fidm.",mejeriprodukter,"Cheese, semihard, Mozzarella, 30 % fidm. fra Frida DTU database",278.9,28.9,1.59,17.7,,"{""A"":163,""D"":0.19,""E"":0.45,""B1"":0.055,""B2"":0.325,""B3"":0.1,""Folate"":1,""C"":0}","{""sodium"":601,""potassium"":81,""calcium"":740,""magnesium"":32,""iron"":0.19,""zinc"":4.5,""selenium"":10,""phosphor"":440}",frida_dtu,1299,true
frida-1301,"Wheat flour",kornprodukter,"Wheat flour fra Frida DTU database",343.29,9.7,56.55,1.55,1.95,"{""A"":0,""D"":0,""E"":0.43,""B1"":0.164,""B2"":0.027,""B3"":0.37,""Folate"":30.58,""C"":0}","{""sodium"":0,""potassium"":155,""calcium"":18,""magnesium"":25,""iron"":1.17,""zinc"":0.87,""selenium"":4.22,""phosphor"":115}",frida_dtu,1301,true
frida-1302,"Eel, smoked",andre,"Eel, smoked fra Frida DTU database",329,19,,27.8,,"{""A"":1800,""D"":5,""E"":7.5,""B1"":0.14,""B2"":0.31,""B3"":3.8,""Folate"":14,""C"":0}","{""sodium"":652,""potassium"":226,""calcium"":55,""magnesium"":21,""iron"":0.65,""zinc"":3,""selenium"":26.34,""phosphor"":250}",frida_dtu,1302,true
frida-1304,"Cheese, Cream, 70 % fidm.",mejeriprodukter,"Cheese, Cream, 70 % fidm. fra Frida DTU database",379.89,9.6,2.19,36.9,,"{""A"":341,""D"":0.36,""E"":0.94,""B1"":0.035,""B2"":0.2,""B3"":0.1,""Folate"":13,""C"":0}","{""sodium"":472,""potassium"":119,""calcium"":230,""magnesium"":6,""iron"":0.3,""zinc"":0.54,""selenium"":3,""phosphor"":140}",frida_dtu,1304,true
frida-1305,"Yoghurt with müsli",mejeriprodukter,"Yoghurt with müsli fra Frida DTU database",87.5,3.5,9.87,3.3,,"{""A"":30.5,""D"":0.09,""E"":0.08,""B1"":0.036,""B2"":0.163,""B3"":0.12,""Folate"":23,""C"":0.1}","{""sodium"":39,""potassium"":145,""calcium"":115,""magnesium"":13,""iron"":0.08,""zinc"":0.49,""selenium"":2,""phosphor"":95}",frida_dtu,1305,true
frida-1308,"Wheat flour, breadmaking (extraction rate 75%)",kornprodukter,"Wheat flour, breadmaking (extraction rate 75%) fra Frida DTU database",348.56,10,72.1,1.6,,"{""E"":0,""B1"":0,""B2"":0.031,""B3"":2.15}","{""sodium"":2,""potassium"":146,""calcium"":18,""magnesium"":24,""iron"":1,""zinc"":0.65,""phosphor"":112}",frida_dtu,1308,true
frida-1309,"Salad dressing, soured fresh cream",mejeriprodukter,"Salad dressing, soured fresh cream fra Frida DTU database",420.1,1.55,7,41.7,,"{""A"":17.5,""D"":0.2,""E"":3.77}","{""sodium"":688,""potassium"":101,""calcium"":43,""magnesium"":6,""iron"":0.19,""zinc"":0.24,""selenium"":1}",frida_dtu,1309,true
frida-1311,"Semolina",andre,"Semolina fra Frida DTU database",353,9.38,75,1.2,,"{""A"":0,""D"":0,""E"":0.1,""B1"":0.21,""B2"":0.045,""B3"":1,""Folate"":12,""C"":0}","{""sodium"":1,""potassium"":117,""calcium"":17,""magnesium"":6,""iron"":0.6,""zinc"":3.3,""selenium"":1,""phosphor"":68}",frida_dtu,1311,true
frida-1312,"Baking powder",andre,"Baking powder fra Frida DTU database",172,5.2,37.8,,,"{""A"":0,""D"":0,""E"":0,""B1"":0,""B2"":0,""B3"":0,""Folate"":0,""C"":0}","{""sodium"":11800,""potassium"":49,""calcium"":11300,""magnesium"":9,""iron"":0,""zinc"":3,""selenium"":0,""phosphor"":8430}",frida_dtu,1312,true
frida-1313,"Cheese, Brie, 50 % fidm.",mejeriprodukter,"Cheese, Brie, 50 % fidm. fra Frida DTU database",331,19.8,0.09,27.8,,"{""A"":256.33,""D"":0.28,""E"":0.71,""B1"":0.05,""B2"":0.34,""B3"":0,""Folate"":2,""C"":0}","{""sodium"":700,""potassium"":152,""calcium"":600,""magnesium"":20,""iron"":0.21,""zinc"":2.38,""selenium"":6.42,""phosphor"":380}",frida_dtu,1313,true
frida-1314,"Peas, green, canned",bælgfrugter,"Peas, green, canned fra Frida DTU database",75,5.23,8.1,0.8,,"{""A"":66.67,""D"":0,""E"":0.04,""B1"":0.14,""B2"":0.065,""B3"":0.8,""Folate"":9,""C"":9.6}","{""sodium"":252,""potassium"":37,""calcium"":31,""magnesium"":6,""iron"":1.4,""zinc"":0.23,""selenium"":1.02,""phosphor"":79}",frida_dtu,1314,true
frida-1315,"Lamb, flank, raw",kød,"Lamb, flank, raw fra Frida DTU database",368.9,15,,34.5,,"{""A"":45,""D"":0,""E"":0.7,""B1"":0.18,""B2"":0.3,""B3"":4.3,""Folate"":2,""C"":0}","{""sodium"":70,""potassium"":270,""calcium"":5,""magnesium"":22,""iron"":1.4,""zinc"":2.6,""selenium"":1.4,""phosphor"":142}",frida_dtu,1315,true
frida-1316,"Lamb, breast, raw",kød,"Lamb, breast, raw fra Frida DTU database",368.9,14.5,,35,,"{""A"":45,""D"":0.4,""E"":0.7,""B1"":0.18,""B2"":0.3,""B3"":4.3,""Folate"":1,""C"":1}","{""sodium"":66,""potassium"":218,""calcium"":13,""magnesium"":17,""iron"":1.5,""zinc"":3.42,""selenium"":1.4,""phosphor"":136}",frida_dtu,1316,true
frida-1317,"Beansprouts, soy, raw",bælgfrugter,"Beansprouts, soy, raw fra Frida DTU database",57,6.2,4.5,1.4,,"{""A"":8,""D"":0,""E"":0.09,""B1"":0.34,""B2"":0.118,""B3"":1.15,""Folate"":4,""C"":15.3}","{""sodium"":30,""potassium"":36,""calcium"":67,""magnesium"":10,""iron"":2.1,""zinc"":0.8,""phosphor"":164}",frida_dtu,1317,true
frida-1318,"Cheese, firm, Samsoe, 30 % fidm.",mejeriprodukter,"Cheese, firm, Samsoe, 30 % fidm. fra Frida DTU database",278.95,30.1,1.59,17.18,,"{""A"":158.67,""D"":0.19,""E"":0.44,""B1"":0.055,""B2"":0.325,""B3"":0.1,""Folate"":1,""C"":0}","{""sodium"":617,""potassium"":81,""calcium"":1050,""magnesium"":32,""iron"":0.19,""zinc"":5,""selenium"":10,""phosphor"":620}",frida_dtu,1318,true
frida-1320,"Goat milk",mejeriprodukter,"Goat milk fra Frida DTU database",69.3,3.56,4.4,4.14,,"{""A"":38.23,""D"":0.06,""E"":0.11,""B1"":0,""B2"":0.138,""B3"":0.28,""Folate"":1,""C"":1.3}","{""sodium"":50,""potassium"":204,""calcium"":134,""magnesium"":14,""iron"":0.05,""zinc"":0.3,""phosphor"":111}",frida_dtu,1320,true
frida-1323,"Thistle oil",fedtstoffer,"Thistle oil fra Frida DTU database",900,,,100,,"{""A"":0,""D"":0,""E"":38.7,""B1"":0,""B2"":0,""B3"":0,""Folate"":0,""C"":0}","{""sodium"":0,""potassium"":0,""calcium"":0,""magnesium"":0,""iron"":0,""zinc"":0,""phosphor"":0}",frida_dtu,1323,true
frida-1333,"Oil, corn germ",fedtstoffer,"Oil, corn germ fra Frida DTU database",900,,,100,,"{""A"":0,""D"":0,""E"":11,""B1"":0,""B2"":0,""B3"":0,""C"":0}","{""sodium"":0,""potassium"":0,""calcium"":0,""iron"":0,""phosphor"":0}",frida_dtu,1333,true
frida-1334,"Rolls, sweet dough type",andre,"Rolls, sweet dough type fra Frida DTU database",296.43,9.09,48.09,6.57,,"{""B1"":0.177,""B2"":0.078,""B3"":1.56,""Folate"":43.25}","{""sodium"":322,""potassium"":141,""calcium"":51,""magnesium"":24,""iron"":1.09,""zinc"":0.82,""selenium"":5.73,""phosphor"":105}",frida_dtu,1334,true
frida-1335,"Wheat germ oil",fedtstoffer,"Wheat germ oil fra Frida DTU database",900,,,100,,"{""A"":0,""D"":0,""E"":149.4,""B1"":0,""B2"":0,""B3"":0,""Folate"":0,""C"":0}","{""sodium"":0,""potassium"":0,""calcium"":0,""magnesium"":0,""iron"":0,""zinc"":0,""phosphor"":0}",frida_dtu,1335,true
frida-1345,"Oil, cotton seed",fedtstoffer,"Oil, cotton seed fra Frida DTU database",900,,,100,,"{""A"":0,""D"":0,""E"":35.3,""B1"":0,""B2"":0,""B3"":0,""Folate"":0,""C"":0}","{""sodium"":0,""potassium"":0,""calcium"":0,""magnesium"":0,""iron"":0,""zinc"":0,""selenium"":0,""phosphor"":0}",frida_dtu,1345,true
frida-1351,"Sorbitol",andre,"Sorbitol fra Frida DTU database",240,,100,,,"{""A"":0,""D"":0,""E"":0,""B1"":0,""B2"":0,""B3"":0,""Folate"":0,""C"":0}","{""sodium"":0}",frida_dtu,1351,true
frida-1355,"Oil, palm",fedtstoffer,"Oil, palm fra Frida DTU database",900,,,100,,"{""A"":0,""D"":0,""E"":19.1,""B1"":0,""B2"":0,""B3"":0,""Folate"":0,""C"":0}","{""sodium"":0,""potassium"":0,""calcium"":0,""magnesium"":0,""iron"":0.01,""zinc"":0,""selenium"":0,""phosphor"":0}",frida_dtu,1355,true
frida-1364,"Oil, cocoa butter",mejeriprodukter,"Oil, cocoa butter fra Frida DTU database",900,,,100,,"{""A"":0,""D"":0,""E"":1.8,""B1"":0,""B2"":0,""B3"":0,""Folate"":0,""C"":0}","{""sodium"":0,""potassium"":0,""calcium"":0,""magnesium"":0,""iron"":0,""zinc"":0,""selenium"":0,""phosphor"":0}",frida_dtu,1364,true
frida-1369,"Mustard powder",andre,"Mustard powder fra Frida DTU database",482.18,28.9,6.8,28.7,,"{""A"":0,""D"":0,""C"":0}","{""sodium"":5,""potassium"":940,""calcium"":330,""magnesium"":260,""iron"":10.9,""zinc"":6.5,""phosphor"":180}",frida_dtu,1369,true
frida-1377,"Palm kernel oil",fedtstoffer,"Palm kernel oil fra Frida DTU database",900,,,100,,"{""A"":0,""D"":0,""E"":25.6,""B1"":0,""B2"":0,""B3"":0,""Folate"":0,""C"":0}","{""sodium"":0,""potassium"":0,""calcium"":0,""magnesium"":0,""iron"":0,""zinc"":0,""selenium"":0,""phosphor"":0}",frida_dtu,1377,true
frida-1380,"Peanut oil",fedtstoffer,"Peanut oil fra Frida DTU database",900,,,100,,"{""A"":0,""D"":0,""E"":13,""B1"":0,""B2"":0,""B3"":0,""Folate"":0,""C"":0}","{""sodium"":0,""potassium"":0,""calcium"":0,""magnesium"":0,""iron"":0.03,""zinc"":0,""selenium"":0,""phosphor"":0}",frida_dtu,1380,true
frida-1382,"Sunflower oil",fedtstoffer,"Sunflower oil fra Frida DTU database",900,,,100,,"{""A"":4.33,""D"":0,""E"":55,""B1"":0,""B2"":0,""B3"":0,""Folate"":0,""C"":0}","{""sodium"":0,""potassium"":0,""calcium"":0,""magnesium"":0,""iron"":0,""zinc"":0,""selenium"":0,""phosphor"":0}",frida_dtu,1382,true
frida-1384,"Walnut oil",fedtstoffer,"Walnut oil fra Frida DTU database",900,,,100,,"{""A"":0,""D"":0,""E"":0.4,""B1"":0,""B2"":0,""B3"":0,""Folate"":0,""C"":0}","{""sodium"":0,""potassium"":0,""calcium"":0,""magnesium"":0,""iron"":0,""zinc"":0,""selenium"":0,""phosphor"":0}",frida_dtu,1384,true
frida-1390,"Beet, red, danish, raw",andre,"Beet, red, danish, raw fra Frida DTU database",41.04,1.11,7.24,,1.55,"{""A"":0,""D"":0,""E"":0,""B1"":0.002,""B2"":0.025,""B3"":0.07,""Folate"":33,""C"":1.87}","{""sodium"":66,""potassium"":304,""calcium"":15,""magnesium"":14,""iron"":0.22,""zinc"":0.3,""selenium"":0,""phosphor"":24}",frida_dtu,1390,true
frida-1391,"Kale, Danish, raw",andre,"Kale, Danish, raw fra Frida DTU database",42.52,3.45,1.36,0.81,5.38,"{""A"":424.79,""D"":0,""E"":2.55,""B1"":0.046,""B2"":0.186,""B3"":1.42,""Folate"":90,""C"":46.4}","{""sodium"":12,""potassium"":461,""calcium"":245,""magnesium"":25,""iron"":1.35,""zinc"":0.35,""selenium"":2.05,""phosphor"":64}",frida_dtu,1391,true
frida-1394,"Lettuce, iceberg (incl. crisphead types), danish, raw",grøntsager,"Lettuce, iceberg (incl. crisphead types), danish, raw fra Frida DTU database",12.1,0.88,1.78,,0.86,"{""A"":16.17,""D"":0,""E"":0,""B1"":0.035,""B2"":0.025,""B3"":0.13,""Folate"":45.34,""C"":3.26}","{""sodium"":3,""potassium"":238,""calcium"":15,""magnesium"":7,""iron"":0,""zinc"":0,""selenium"":0,""phosphor"":25}",frida_dtu,1394,true
frida-1396,"Cod liver oil",fisk,"Cod liver oil fra Frida DTU database",900,,,100,,"{""A"":30000,""D"":250,""E"":30,""B1"":0,""B2"":0,""B3"":0,""Folate"":0,""C"":0}","{""sodium"":0,""potassium"":0,""calcium"":1,""magnesium"":0,""iron"":0.07,""zinc"":0.06,""selenium"":0.01,""phosphor"":0}",frida_dtu,1396,true
frida-1406,"Dumplings, frozen",andre,"Dumplings, frozen fra Frida DTU database",211,7,13.4,14,,"{""A"":91.95,""D"":1.4,""E"":3.4,""B1"":0.1,""B2"":0.2,""B3"":1.6,""Folate"":4,""C"":0}","{""sodium"":980,""potassium"":86,""calcium"":29,""magnesium"":13,""iron"":1,""zinc"":0.7,""selenium"":9.5,""phosphor"":98}",frida_dtu,1406,true
frida-1412,"Oil, sesame",fedtstoffer,"Oil, sesame fra Frida DTU database",900,,,100,,"{""A"":0,""D"":0,""E"":1.4,""B1"":0,""B2"":0,""B3"":0,""Folate"":0,""C"":0}","{""sodium"":0,""potassium"":0,""calcium"":0,""magnesium"":0,""iron"":0,""zinc"":0,""selenium"":0,""phosphor"":0}",frida_dtu,1412,true
frida-1413,"Lettuce, iceberg (incl. crisphead types), imported, raw",grøntsager,"Lettuce, iceberg (incl. crisphead types), imported, raw fra Frida DTU database",13.87,0.83,2.23,,1.13,"{""A"":19.07,""D"":0,""E"":0.09,""B1"":0.042,""B2"":0.026,""B3"":0.14,""Folate"":45.5,""C"":3.18}","{""sodium"":9,""potassium"":170,""calcium"":10,""magnesium"":7,""iron"":0.14,""zinc"":0.15,""selenium"":0,""phosphor"":22}",frida_dtu,1413,true
frida-1414,"Sugar, brown cane sugar",andre,"Sugar, brown cane sugar fra Frida DTU database",399.2,0.5,99.3,,,"{""A"":0,""D"":0,""E"":0,""B1"":0,""B2"":0,""B3"":0,""Folate"":0,""C"":0}","{""sodium"":6,""potassium"":89,""calcium"":53,""magnesium"":15,""iron"":0.9,""zinc"":0.1,""selenium"":0,""phosphor"":20}",frida_dtu,1414,true
frida-1415,"Corn oil",fedtstoffer,"Corn oil fra Frida DTU database",900,,,100,,"{""A"":0,""D"":0,""E"":12,""B1"":0,""B2"":0,""B3"":0,""Folate"":0,""C"":0}","{""sodium"":0,""potassium"":0,""calcium"":0,""magnesium"":0,""iron"":0.03,""zinc"":0,""selenium"":0,""phosphor"":0}",frida_dtu,1415,true
frida-1418,"Linseed oil",fedtstoffer,"Linseed oil fra Frida DTU database",900,,,100,,"{""A"":0,""D"":0,""E"":17.5,""B1"":0,""B2"":0,""B3"":0,""Folate"":0,""C"":0}","{""sodium"":0,""potassium"":0,""calcium"":0,""magnesium"":0,""iron"":0,""zinc"":0,""selenium"":0,""phosphor"":0}",frida_dtu,1418,true
frida-1420,"Rye bread, soft, no high fat seeds, industrially produced",fedtstoffer,"Rye bread, soft, no high fat seeds, industrially produced fra Frida DTU database",209.99,4.99,39.89,1.44,,"{""A"":0,""D"":0,""E"":0.65,""B1"":0.173,""B2"":0.064,""B3"":0.78,""Folate"":26.1,""C"":0}","{""sodium"":471,""potassium"":220,""calcium"":25,""magnesium"":41,""iron"":1.43,""zinc"":1.32,""selenium"":1.15,""phosphor"":137}",frida_dtu,1420,true
frida-1427,"Wheat bread, italien type, retail bakery",kornprodukter,"Wheat bread, italien type, retail bakery fra Frida DTU database",249.39,7.97,49.13,1.3,,"{""B1"":0.114,""B2"":0.051,""B3"":1.22,""Folate"":29.55}","{""sodium"":602,""potassium"":124,""calcium"":29,""magnesium"":22,""iron"":0.84,""zinc"":0.61,""selenium"":4.21,""phosphor"":98}",frida_dtu,1427,true
frida-1429,"Oil, grapeseed",frugt,"Oil, grapeseed fra Frida DTU database",900,,,100,,"{""A"":0,""D"":0,""E"":28.8,""B1"":0,""B2"":0,""B3"":0,""Folate"":0,""C"":0}","{""sodium"":0,""potassium"":0,""calcium"":0,""magnesium"":0,""iron"":0,""zinc"":0,""selenium"":0,""phosphor"":0}",frida_dtu,1429,true
frida-1440,"Oil, coconut",fedtstoffer,"Oil, coconut fra Frida DTU database",899.1,,,99.9,,"{""A"":0.69,""D"":0,""E"":0.2,""B1"":0,""B2"":0,""B3"":0,""Folate"":0,""C"":0}","{""sodium"":0,""potassium"":0,""calcium"":0,""magnesium"":0,""iron"":0.02,""zinc"":0,""selenium"":0,""phosphor"":1}",frida_dtu,1440,true
frida-1454,"Saithe (UK), pollock (US), liver oil",fedtstoffer,"Saithe (UK), pollock (US), liver oil fra Frida DTU database",899.5,,,99.9,,"{""A"":60,""D"":500,""E"":30,""B1"":0,""B2"":0,""B3"":0,""Folate"":0,""C"":0}","{""sodium"":0,""calcium"":1,""magnesium"":0,""iron"":0.07,""zinc"":0.06,""selenium"":0.01}",frida_dtu,1454,true
frida-1455,"Fat, beef tallow",kød,"Fat, beef tallow fra Frida DTU database",875,5,,95,,"{""A"":0,""D"":2,""E"":1.1,""B1"":0,""B2"":0,""B3"":0,""Folate"":0,""C"":0}","{""sodium"":0,""potassium"":0,""calcium"":0,""magnesium"":0,""iron"":0,""zinc"":0,""selenium"":1,""phosphor"":0}",frida_dtu,1455,true
frida-1461,"Soyabean oil, refined",fedtstoffer,"Soyabean oil, refined fra Frida DTU database",900,,,100,,"{""A"":0,""D"":0,""E"":6.1,""B1"":0,""B2"":0,""B3"":0,""Folate"":0,""C"":0}","{""sodium"":0,""potassium"":0,""calcium"":0,""magnesium"":0,""iron"":0.05,""zinc"":0.01,""selenium"":0,""phosphor"":0}",frida_dtu,1461,true
frida-1465,"Fish fillet, breaded, deepfried, fast food",fisk,"Fish fillet, breaded, deepfried, fast food fra Frida DTU database",286.32,13.35,20.7,16,,"{""A"":1.9,""D"":2.72,""E"":4.38,""B1"":0.106,""B2"":0,""B3"":3.68}","{""sodium"":519,""potassium"":205,""calcium"":38,""magnesium"":22,""iron"":0.56,""zinc"":0.64,""selenium"":18,""phosphor"":130}",frida_dtu,1465,true
frida-1467,"Olive oil",fedtstoffer,"Olive oil fra Frida DTU database",900,,,100,,"{""A"":0,""D"":0,""E"":5,""B1"":0,""B2"":0,""B3"":0,""Folate"":0,""C"":0}","{""sodium"":2,""potassium"":1,""calcium"":1,""magnesium"":0,""iron"":0.56,""zinc"":0,""selenium"":0,""phosphor"":0}",frida_dtu,1467,true
frida-1483,"Oil, rape seed (no eruca acid)",fedtstoffer,"Oil, rape seed (no eruca acid) fra Frida DTU database",900,,,100,,"{""A"":0,""D"":0,""E"":18.4,""B1"":0,""B2"":0,""B3"":0,""Folate"":0,""C"":0}","{""sodium"":0,""potassium"":0,""calcium"":0,""magnesium"":0,""iron"":0,""zinc"":0,""selenium"":0,""phosphor"":0}",frida_dtu,1483,true
frida-1485,"Celeriac, celery root, danish, raw",andre,"Celeriac, celery root, danish, raw fra Frida DTU database",30.15,1,1.64,,3,"{""A"":0,""D"":0,""E"":0.47,""B1"":0.018,""B2"":0.049,""B3"":0.43,""Folate"":50.69,""C"":7.17}","{""sodium"":55,""potassium"":387,""calcium"":37,""magnesium"":13,""iron"":0.42,""zinc"":0.38,""selenium"":0.1,""phosphor"":58}",frida_dtu,1485,true
frida-1492,"Arugula, rocket, raw",andre,"Arugula, rocket, raw fra Frida DTU database",21.36,3.27,,0.35,1.98,"{""A"":419.17,""D"":0,""E"":1.48,""B1"":0.053,""B2"":0.207,""B3"":0.7,""Folate"":130.63,""C"":24.71}","{""sodium"":31,""potassium"":426,""calcium"":268,""magnesium"":40,""iron"":1.57,""zinc"":0.36,""selenium"":4.83,""phosphor"":47}",frida_dtu,1492,true
frida-1507,"Pumpkin seed, dried",andre,"Pumpkin seed, dried fra Frida DTU database",567.75,30.77,1.95,45.85,7,"{""A"":0,""D"":0,""E"":1.97,""B1"":0.293,""B2"":0.163,""B3"":2.74,""Folate"":129}","{""sodium"":20,""potassium"":790,""calcium"":73,""magnesium"":460,""iron"":7.35,""zinc"":4.95,""selenium"":11,""phosphor"":1040}",frida_dtu,1507,true
frida-1512,"Durum wheat flour",kornprodukter,"Durum wheat flour fra Frida DTU database",347,12,46.83,1.6,2.4,"{""A"":0,""D"":0,""E"":0.31,""B1"":0.151,""B2"":0.043,""B3"":0.55,""Folate"":46.7}","{""sodium"":2,""potassium"":205,""calcium"":23,""magnesium"":54,""iron"":2.6,""zinc"":1.8,""selenium"":7.2,""phosphor"":165}",frida_dtu,1512,true
frida-1521,"Wheat bread, white, industrially produced",kornprodukter,"Wheat bread, white, industrially produced fra Frida DTU database",262.2,8.43,46.62,3.6,,"{""A"":0,""D"":0,""E"":0.5,""B1"":0.137,""B2"":0.063,""B3"":1.13,""Folate"":24.8,""C"":0}","{""sodium"":438,""potassium"":116,""calcium"":32,""magnesium"":19,""iron"":0.94,""zinc"":0.61,""selenium"":2,""phosphor"":87}",frida_dtu,1521,true
frida-1522,"Bread, white, large, retail bakery",kornprodukter,"Bread, white, large, retail bakery fra Frida DTU database",273.78,8.2,49.31,3.83,,"{""A"":0,""B1"":0.133,""B2"":0.063,""B3"":1.22,""Folate"":38.15,""C"":0}","{""sodium"":444,""potassium"":125,""calcium"":35,""magnesium"":21,""iron"":0.9,""zinc"":0.59,""selenium"":2.2,""phosphor"":100}",frida_dtu,1522,true