id,name,category,description,calories,protein,carbs,fat,fiber,source,frida_id,is_active
"frida-1","Strawberry, raw","frugt","Strawberry, raw fra Frida DTU database",38.46,0.66,6.07,0.6,1.49,""frida_dtu"",""1"",true
"frida-2","Apple, raw, all varieties","frugt","Apple, raw, all varieties fra Frida DTU database",55.06,0.27,11.32,0.23,2.21,""frida_dtu"",""2"",true
"frida-3","Banana, raw","frugt","Banana, raw fra Frida DTU database",93.48,1.14,19.71,0.21,1.63,""frida_dtu"",""3"",true
"frida-4","Potato, raw","grøntsager","Potato, raw fra Frida DTU database",77.04,2.03,17.89,0.29,1.44,""frida_dtu"",""4"",true
"frida-6","Milk, whole, konventional (not organic), 3.5 % fat","mejeriprodukter","Milk, whole, konventional (not organic), 3.5 % fat fra Frida DTU database",63.08,3.42,4.6,3.46,,""frida_dtu"",""6"",true
"frida-8","Parsley, raw","andre","Parsley, raw fra Frida DTU database",48.07,3.71,1.23,1.15,4.1,""frida_dtu"",""8"",true
"frida-9","Pear, raw","frugt","Pear, raw fra Frida DTU database",49.22,0.31,10.56,0.07,3.22,""frida_dtu"",""9"",true
"frida-10","Rhubarb, raw","andre","Rhubarb, raw fra Frida DTU database",25.9,0.9,1.86,0.3,3.8,""frida_dtu"",""10"",true
"frida-11","Currant, black, raw","andre","Currant, black, raw fra Frida DTU database",75.01,1.52,9.79,1.33,5.8,""frida_dtu"",""11"",true
"frida-12","Yogurt plain, whole milk","mejeriprodukter","Yogurt plain, whole milk fra Frida DTU database",62.18,3.79,3.63,4,,""frida_dtu"",""12"",true
"frida-13","Celery, raw","andre","Celery, raw fra Frida DTU database",23.34,0.75,1.89,0.17,1.6,""frida_dtu"",""13"",true
"frida-14","Cauliflower, all varieties, raw","andre","Cauliflower, all varieties, raw fra Frida DTU database",27.77,2.43,1.89,0.4,2.19,""frida_dtu"",""14"",true
"frida-17","Broccoli, raw","andre","Broccoli, raw fra Frida DTU database",35.19,3.55,2.07,0.24,3.24,""frida_dtu"",""17"",true
"frida-20","Beans, wax, raw","bælgfrugter","Beans, wax, raw fra Frida DTU database",35,2.1,3.5,0.2,1.8,""frida_dtu"",""20"",true
"frida-21","Lemon, raw","andre","Lemon, raw fra Frida DTU database",44.2,0.5,3.11,1.1,1.2,""frida_dtu"",""21"",true
"frida-22","Dill, raw","andre","Dill, raw fra Frida DTU database",47.8,3.46,4.9,1.12,2.1,""frida_dtu"",""22"",true
"frida-23","Kale, raw","andre","Kale, raw fra Frida DTU database",60.32,5,2.01,1.15,6.2,""frida_dtu"",""23"",true
"frida-24","Carrot, raw","grøntsager","Carrot, raw fra Frida DTU database",36.13,0.69,6.17,,3,""frida_dtu"",""24"",true
"frida-25","Garfish, raw","fisk","Garfish, raw fra Frida DTU database",106.87,19.48,,3.22,,""frida_dtu"",""25"",true
"frida-26","Cabbage, white, raw","grøntsager","Cabbage, white, raw fra Frida DTU database",32,1.23,4.4,0.2,2.26,""frida_dtu"",""26"",true
"frida-27","Rose hip, raw","andre","Rose hip, raw fra Frida DTU database",79.02,0.6,14.14,0.5,6.1,""frida_dtu"",""27"",true
"frida-28","Elderberry, raw","frugt","Elderberry, raw fra Frida DTU database",67.14,0.66,6.52,0.5,6.8,""frida_dtu"",""28"",true
"frida-30","Salmon, Atlantic, wild, raw","fisk","Salmon, Atlantic, wild, raw fra Frida DTU database",158.88,18,,7.46,,""frida_dtu"",""30"",true
"frida-31","Sweetcorn, on-the-cob, raw","andre","Sweetcorn, on-the-cob, raw fra Frida DTU database",90.6,3.7,23.7,1.8,2.8,""frida_dtu"",""31"",true
"frida-32","Milk, buttermilk","mejeriprodukter","Milk, buttermilk fra Frida DTU database",36.08,3.4,3.71,0.5,,""frida_dtu"",""32"",true
"frida-33","Milk, partly skimmed, konventional (not organic), 1.5 % fat","mejeriprodukter","Milk, partly skimmed, konventional (not organic), 1.5 % fat fra Frida DTU database",47.51,3.51,4.71,1.59,,""frida_dtu"",""33"",true
"frida-34","Mackerel, raw","fisk","Mackerel, raw fra Frida DTU database",187.34,17.83,,12.89,,""frida_dtu"",""34"",true
"frida-35","Almond, raw","nødder","Almond, raw fra Frida DTU database",606.4,21.24,6.55,52,0.65,""frida_dtu"",""35"",true
"frida-36","Watermelon, raw","kornprodukter","Watermelon, raw fra Frida DTU database",33.03,0.8,6.5,0.1,0.5,""frida_dtu"",""36"",true
"frida-37","Pepper, sweet, green, raw","grøntsager","Pepper, sweet, green, raw fra Frida DTU database",21.75,0.9,2.59,0.27,1.82,""frida_dtu"",""37"",true
"frida-38","Pepper, sweet, red, raw","grøntsager","Pepper, sweet, red, raw fra Frida DTU database",31.46,0.92,5.24,0.1,1.71,""frida_dtu"",""38"",true
"frida-39","Radish, raw","andre","Radish, raw fra Frida DTU database",11.5,0.8,1.26,0.1,1.3,""frida_dtu"",""39"",true
"frida-40","Currant, red, raw","andre","Currant, red, raw fra Frida DTU database",63.24,1.32,7.06,1.7,4.2,""frida_dtu"",""40"",true
"frida-41","Brussels sprouts, raw","andre","Brussels sprouts, raw fra Frida DTU database",53.09,4.54,4.16,0.52,4.1,""frida_dtu"",""41"",true
"frida-43","Beet, red, raw","andre","Beet, red, raw fra Frida DTU database",52.04,1.69,9.73,0.25,2.3,""frida_dtu"",""43"",true
"frida-44","Cabbage, red, raw","grøntsager","Cabbage, red, raw fra Frida DTU database",31.58,1.51,3.88,0.2,2,""frida_dtu"",""44"",true
"frida-45","Plaice, raw","andre","Plaice, raw fra Frida DTU database",85.4,17.3,,1.8,,""frida_dtu"",""45"",true
"frida-46","Celeriac, celery root, raw","andre","Celeriac, celery root, raw fra Frida DTU database",34.31,1.76,2.07,0.32,3.9,""frida_dtu"",""46"",true
"frida-47","Herring, pickled, canned","andre","Herring, pickled, canned fra Frida DTU database",271.55,11.93,20.9,16.03,,""frida_dtu"",""47"",true
"frida-48","Herring, raw","andre","Herring, raw fra Frida DTU database",189.79,16.2,,13.89,,""frida_dtu"",""48"",true
"frida-49","Cabbage, pointed, raw","grøntsager","Cabbage, pointed, raw fra Frida DTU database",26.64,2.05,0.83,0.28,1.9,""frida_dtu"",""49"",true
"frida-50","Spinach, raw","grøntsager","Spinach, raw fra Frida DTU database",24.44,2.63,0.22,0.57,1.9,""frida_dtu"",""50"",true
"frida-51","Gooseberry, raw","frugt","Gooseberry, raw fra Frida DTU database",44.11,0.9,3,0.55,3.2,""frida_dtu"",""51"",true
"frida-52","Tomato, ripe, raw, origin unknown","grøntsager","Tomato, ripe, raw, origin unknown fra Frida DTU database",20.66,0.78,3.17,0.15,1.44,""frida_dtu"",""52"",true
"frida-54","Grape, raw","frugt","Grape, raw fra Frida DTU database",67.22,0.62,15.31,,0.9,""frida_dtu"",""54"",true
"frida-55","Peas, green, raw","bælgfrugter","Peas, green, raw fra Frida DTU database",69.99,5.94,6.5,0.7,5.9,""frida_dtu"",""55"",true
"frida-56","Squash, raw","andre","Squash, raw fra Frida DTU database",14.81,1.27,2.2,0.1,,""frida_dtu"",""56"",true
"frida-57","Artichoke, raw","andre","Artichoke, raw fra Frida DTU database",51.67,3.27,8,,2,""frida_dtu"",""57"",true
"frida-58","Beans, mung, dried, raw","bælgfrugter","Beans, mung, dried, raw fra Frida DTU database",324.47,23.86,47.2,1.15,15,""frida_dtu"",""58"",true
"frida-59","Oats, rolled, average values","kornprodukter","Oats, rolled, average values fra Frida DTU database",366.45,12.88,58.93,6.88,9.88,""frida_dtu"",""59"",true
"frida-60","Rye flour, dark, wholemeal","kornprodukter","Rye flour, dark, wholemeal fra Frida DTU database",332.56,8.73,54.84,2.3,14.8,""frida_dtu"",""60"",true
"frida-61","Wheat, flour, wholemeal","kornprodukter","Wheat, flour, wholemeal fra Frida DTU database",331.16,10.61,46.81,2.36,2.55,""frida_dtu"",""61"",true
"frida-62","Ginger root, raw","andre","Ginger root, raw fra Frida DTU database",83.05,1.82,16.74,0.75,1.03,""frida_dtu"",""62"",true
"frida-63","Okra, raw","andre","Okra, raw fra Frida DTU database",29.02,2,3,0.1,4,""frida_dtu"",""63"",true
"frida-64","Asparagus, green, raw","andre","Asparagus, green, raw fra Frida DTU database",25.9,1.8,2,0.3,1.8,""frida_dtu"",""64"",true
"frida-65","Fennel, bulb, raw","andre","Fennel, bulb, raw fra Frida DTU database",22.64,1.36,2.23,0.19,1.96,""frida_dtu"",""65"",true
"frida-66","Saithe, raw","andre","Saithe, raw fra Frida DTU database",78.59,18.13,,0.68,,""frida_dtu"",""66"",true
"frida-67","Buckwheat, whole, raw","andre","Buckwheat, whole, raw fra Frida DTU database",340.99,13.06,48.03,3.05,0.95,""frida_dtu"",""67"",true
"frida-69","Aubergine, raw","andre","Aubergine, raw fra Frida DTU database",17.26,0.88,2.35,,"{'A':5.23,""frida_dtu"",""69"",true
"frida-70","Orange, raw","frugt","Orange, raw fra Frida DTU database",48.56,0.89,8.2,0.12,1.97,""frida_dtu"",""70"",true
"frida-71","Lamb, leg, unspecified , raw","kød","Lamb, leg, unspecified , raw fra Frida DTU database",180,17.88,,12.02,,""frida_dtu"",""71"",true
"frida-72","Cod, fillet, raw","fisk","Cod, fillet, raw fra Frida DTU database",75.27,17.51,,0.58,,""frida_dtu"",""72"",true
"frida-73","Cheese, semihard, Feta, 40 % fidm","mejeriprodukter","Cheese, semihard, Feta, 40 % fidm fra Frida DTU database",257.99,17.42,0.19,20.4,,""frida_dtu"",""73"",true
"frida-74","Pork, collar with rind, raw","kød","Pork, collar with rind, raw fra Frida DTU database",274.81,16.1,,23.38,,""frida_dtu"",""74"",true
"frida-76","Rice groats, brown, raw","kornprodukter","Rice groats, brown, raw fra Frida DTU database",362.4,6.94,76.3,2.8,2.4,""frida_dtu"",""76"",true
"frida-77","Sugar, sucrose, white","andre","Sugar, sucrose, white fra Frida DTU database",399.52,,99.9,,"{'A':0,""frida_dtu"",""77"",true
"frida-78","Lard, pork, refined, Raffinol","kød","Lard, pork, refined, Raffinol fra Frida DTU database",891,,99,,"{'A':9,""frida_dtu"",""78"",true
"frida-79","Lard, pork","kød","Lard, pork fra Frida DTU database",891,,99,,"{'A':9,""frida_dtu"",""79"",true
"frida-81","Water, bottled, carbonated","andre","Water, bottled, carbonated fra Frida DTU database",,"{'A':0,'D':0,'E':0,'B1':0,""frida_dtu"",""81"",true
"frida-85","Fish oil, hydrogenated","fisk","Fish oil, hydrogenated fra Frida DTU database",899.1,,99.9,,"{'A':0,""frida_dtu"",""85"",true
"frida-87","Goose, flesh and skin, raw","andre","Goose, flesh and skin, raw fra Frida DTU database",365.7,15.78,,33.62,,""frida_dtu"",""87"",true
"frida-88","Nut, coco, raw","andre","Nut, coco, raw fra Frida DTU database",385.03,4,3.7,36.53,14,""frida_dtu"",""88"",true
"frida-89","Snacks, expanded, potatobasis","grøntsager","Snacks, expanded, potatobasis fra Frida DTU database",490.01,4.58,60,25.07,3,""frida_dtu"",""89"",true
"frida-90","Mackerel mayonnaise salad","fisk","Mackerel mayonnaise salad fra Frida DTU database",398.1,8.9,2.5,39.1,0.3,""frida_dtu"",""90"",true
"frida-92","Soya sauce","andre","Soya sauce fra Frida DTU database",55.88,6.89,3.1,0.04,,""frida_dtu"",""92"",true
"frida-94","Cheese, firm, 40 % fidm., all varieties","mejeriprodukter","Cheese, firm, 40 % fidm., all varieties fra Frida DTU database",311.8,25.7,1.93,22.6,,""frida_dtu"",""94"",true
"frida-95","Ymer, low fat","fedtstoffer","Ymer, low fat fra Frida DTU database",58.11,6.29,3.31,1.8,,""frida_dtu"",""95"",true
"frida-97","Cheese, semihard, Mozzarella, 45 % fidm.","mejeriprodukter","Cheese, semihard, Mozzarella, 45 % fidm. fra Frida DTU database",326.3,24.1,1.49,25,,""frida_dtu"",""97"",true
"frida-98","Cheese, processed, 45 % fidm.","mejeriprodukter","Cheese, processed, 45 % fidm. fra Frida DTU database",307.16,22.35,0.45,24.19,,""frida_dtu"",""98"",true
"frida-101","Duck, flesh and skin, raw","andre","Duck, flesh and skin, raw fra Frida DTU database",399.9,11.46,,39.34,,""frida_dtu"",""101"",true
"frida-102","Rye-flour, wheat-flour, bolted","kornprodukter","Rye-flour, wheat-flour, bolted fra Frida DTU database",350.46,9.6,65.41,1.97,4.43,""frida_dtu"",""102"",true
"frida-103","Pudding powder","andre","Pudding powder fra Frida DTU database",348,0.3,86.51,,1.6,""frida_dtu"",""103"",true
"frida-108","Cheese, semihard, Havarti, 30 % fidm.","mejeriprodukter","Cheese, semihard, Havarti, 30 % fidm. fra Frida DTU database",291.19,30.1,0.7,18.5,,""frida_dtu"",""108"",true
"frida-109","Cheese, firm, Danbo, 45 % fidm.","mejeriprodukter","Cheese, firm, Danbo, 45 % fidm. fra Frida DTU database",325.39,23.69,0.77,25,,""frida_dtu"",""109"",true
"frida-110","Lamb, flank, spiced, cooked","kød","Lamb, flank, spiced, cooked fra Frida DTU database",361.7,19,,31.7,,""frida_dtu"",""110"",true
"frida-114","Onions, chopped and deepfried","grøntsager","Onions, chopped and deepfried fra Frida DTU database",574.4,6,22.1,48,15,""frida_dtu"",""114"",true
"frida-115","Tea, ready-to-drink","andre","Tea, ready-to-drink fra Frida DTU database",,"{'A':0,'D':0,'E':0,'B1':0,""frida_dtu"",""115"",true
"frida-116","Chestnut, raw","andre","Chestnut, raw fra Frida DTU database",189.1,2.04,33.9,2.7,6.8,""frida_dtu"",""116"",true
"frida-117","Coffee, instant, prepared with water","andre","Coffee, instant, prepared with water fra Frida DTU database",3.32,0.08,,"{'A':0,'D':0,""frida_dtu"",""117"",true
"frida-118","Cheese, semihard, Esrom, 45 % fidm.","mejeriprodukter","Cheese, semihard, Esrom, 45 % fidm. fra Frida DTU database",331.49,24.2,0.88,25.7,,""frida_dtu"",""118"",true
"frida-131","Cheese, firm, Elbo, 40 % fidm.","mejeriprodukter","Cheese, firm, Elbo, 40 % fidm. fra Frida DTU database",321,26.6,1.54,23.4,,""frida_dtu"",""131"",true
"frida-132","Potato crisps, coarse","grøntsager","Potato crisps, coarse fra Frida DTU database",497.88,6.1,57.2,26.4,3.6,""frida_dtu"",""132"",true
"frida-136","Cheese, Roquefort, Danish, 50 % fidm.","mejeriprodukter","Cheese, Roquefort, Danish, 50 % fidm. fra Frida DTU database",342.94,19.36,0.12,29.5,,""frida_dtu"",""136"",true
"frida-137","Coffee, instant, decaffeinated, prepared with water","andre","Coffee, instant, decaffeinated, prepared with water fra Frida DTU database",3.52,0.1,,"{'A':0,'B1':0,""frida_dtu"",""137"",true
"frida-138","Cheese, Danish Blue, 50 % fidm.","mejeriprodukter","Cheese, Danish Blue, 50 % fidm. fra Frida DTU database",349.72,20.52,,29.5,,""frida_dtu"",""138"",true
"frida-139","Cheese, Brie, 60 % fidm.","mejeriprodukter","Cheese, Brie, 60 % fidm. fra Frida DTU database",341.55,18.06,,29.85,,""frida_dtu"",""139"",true
"frida-141","Bacon, stewing, raw","andre","Bacon, stewing, raw fra Frida DTU database",379.4,15,,35,,""frida_dtu"",""141"",true
"frida-142","Coffee, beverage","andre","Coffee, beverage fra Frida DTU database",1.14,0.1,0.12,0.02,,""frida_dtu"",""142"",true
"frida-143","Rye kernels, whole/cracked","andre","Rye kernels, whole/cracked fra Frida DTU database",332.14,9.04,58.16,2.3,14.8,""frida_dtu"",""143"",true
"frida-144","Sausage, liver sausage","andre","Sausage, liver sausage fra Frida DTU database",392.6,13.4,5,35.8,0.2,""frida_dtu"",""144"",true
"frida-146","Sour cream, 50 % fat","mejeriprodukter","Sour cream, 50 % fat fra Frida DTU database",465.6,1.9,2.4,50,,""frida_dtu"",""146"",true
"frida-148","Cheese, firm, 45 % fidm., all varieties","mejeriprodukter","Cheese, firm, 45 % fidm., all varieties fra Frida DTU database",335.45,24.72,0.1,25.68,,""frida_dtu"",""148"",true
"frida-149","Linseeds, raw","andre","Linseeds, raw fra Frida DTU database",463.72,25.52,2,31,30,""frida_dtu"",""149"",true
"frida-150","Peanut, dried","nødder","Peanut, dried fra Frida DTU database",595.6,25.8,8.1,49.24,7.7,""frida_dtu"",""150"",true
"frida-152","Double Cream, 50 % fat","mejeriprodukter","Double Cream, 50 % fat fra Frida DTU database",468,1.9,2.4,50,,""frida_dtu"",""152"",true
"frida-153","Pepper, white","grøntsager","Pepper, white fra Frida DTU database",307,10.4,42.4,2.12,26,""frida_dtu"",""153"",true
"frida-154","Soya flour, full fat","fedtstoffer","Soya flour, full fat fra Frida DTU database",449.4,40.57,15.4,22.2,10.4,""frida_dtu"",""154"",true
"frida-156","Rice, brown, raw","kornprodukter","Rice, brown, raw fra Frida DTU database",357.87,9,68.87,2.9,4.2,""frida_dtu"",""156"",true
"frida-158","Milk, dry, skimmed, powder","mejeriprodukter","Milk, dry, skimmed, powder fra Frida DTU database",355.75,32.19,49.5,1.35,,""frida_dtu"",""158"",true
"frida-161","Cheese, semihard, Havarti, 45 % fidm.","mejeriprodukter","Cheese, semihard, Havarti, 45 % fidm. fra Frida DTU database",342.81,24.5,0.51,26.8,,""frida_dtu"",""161"",true
"frida-162","Rose hip, dried, powder","andre","Rose hip, dried, powder fra Frida DTU database",277.5,4.5,40,1.5,43,""frida_dtu"",""162"",true
"frida-163","Oyster, raw","andre","Oyster, raw fra Frida DTU database",61.1,7.8,4.2,1.5,,""frida_dtu"",""163"",true
"frida-164","Wine, white, dry","andre","Wine, white, dry fra Frida DTU database",67.7,0.1,0.2,,"{'A':0,""frida_dtu"",""164"",true
"frida-165","Fish balls, canned","fisk","Fish balls, canned fra Frida DTU database",68.25,8.31,5.36,2.29,,""frida_dtu"",""165"",true
"frida-166","Rye bread crumbs with brown sugar, average values","kornprodukter","Rye bread crumbs with brown sugar, average values fra Frida DTU database",348.4,6.1,71.63,2,9.8,""frida_dtu"",""166"",true
"frida-167","Wine, white, average values","andre","Wine, white, average values fra Frida DTU database",82.66,0.07,2.6,,"{'A':0,""frida_dtu"",""167"",true
"frida-168","Wine, white, Rhine wine","andre","Wine, white, Rhine wine fra Frida DTU database",66.9,0.1,2.9,,"{'A':0,""frida_dtu"",""168"",true
"frida-169","Tomato, sun-dried","grøntsager","Tomato, sun-dried fra Frida DTU database",281.61,14.11,37.59,2.97,12.3,""frida_dtu"",""169"",true
"frida-170","Ymer","andre","Ymer fra Frida DTU database",71.73,6.09,3.37,3.55,,""frida_dtu"",""170"",true
"frida-171","Wine, red, rosé, non-alcoholic","andre","Wine, red, rosé, non-alcoholic fra Frida DTU database",15.2,0.2,3.5,,"{'A':0,""frida_dtu"",""171"",true
"frida-173","Wine, white, medium","andre","Wine, white, medium fra Frida DTU database",78.9,0.1,2.4,,"{'A':0,""frida_dtu"",""173"",true
"frida-174","Biscuit, sweet, 'Finnish'","andre","Biscuit, sweet, 'Finnish' fra Frida DTU database",536.82,5.6,56.87,31.2,1.99,""frida_dtu"",""174"",true
"frida-175","Wine, white, non-alcoholic","andre","Wine, white, non-alcoholic fra Frida DTU database",18.8,0.2,5.5,,"{'A':0,""frida_dtu"",""175"",true
"frida-176","Barley groats, raw","kornprodukter","Barley groats, raw fra Frida DTU database",349,9.23,62.2,2.4,9.5,""frida_dtu"",""176"",true
"frida-179","Rice starch","kornprodukter","Rice starch fra Frida DTU database",343,0.8,85,,"{'A':0,""frida_dtu"",""179"",true
"frida-180","Liquorice allsorts","kornprodukter","Liquorice allsorts fra Frida DTU database",394.56,2.3,66.17,6.2,0.6,""frida_dtu"",""180"",true
"frida-181","Danish pastry, square","andre","Danish pastry, square fra Frida DTU database",396.64,4.7,33,26.97,1.5,""frida_dtu"",""181"",true
"frida-182","Salad dressing, French","andre","Salad dressing, French fra Frida DTU database",468.65,0.77,5,44.81,,""frida_dtu"",""182"",true
"frida-183","Cheese, Danish Blue, 60 % fidm.","mejeriprodukter","Cheese, Danish Blue, 60 % fidm. fra Frida DTU database",406.88,16.27,0.1,37.4,,""frida_dtu"",""183"",true
"frida-184","Cheese, firm, Fynbo, 45 % fidm.","mejeriprodukter","Cheese, firm, Fynbo, 45 % fidm. fra Frida DTU database",356.9,25.9,1.53,27.7,,""frida_dtu"",""184"",true
"frida-187","Eggs, chicken, egg white, pasteurized","kød","Eggs, chicken, egg white, pasteurized fra Frida DTU database",43.42,9,1,,"{'A':0,""frida_dtu"",""187"",true
"frida-188","Lumpsucker, smoked","andre","Lumpsucker, smoked fra Frida DTU database",372.9,15.6,,34.5,,""frida_dtu"",""188"",true
"frida-189","Wheat, kernels, whole/cracked","andre","Wheat, kernels, whole/cracked fra Frida DTU database",340.16,10.69,61.92,2,11,""frida_dtu"",""189"",true
"frida-192","Bread-crumbs","kornprodukter","Bread-crumbs fra Frida DTU database",351.3,10.7,69.84,1.5,6.9,""frida_dtu"",""192"",true
"frida-194","Apple juice, canned or bottled","frugt","Apple juice, canned or bottled fra Frida DTU database",47.95,0.06,10,0.11,,""frida_dtu"",""194"",true
"frida-199","Pearl-sago (potato starch)","frugt","Pearl-sago (potato starch) fra Frida DTU database",353.9,0.2,87.2,0.3,0.8,""frida_dtu"",""199"",true
"frida-203","Cheese, firm, Maribo, 45 % fidm.","mejeriprodukter","Cheese, firm, Maribo, 45 % fidm. fra Frida DTU database",361.16,26.36,0.3,28,,""frida_dtu"",""203"",true
"frida-204","Mustard, brown, ready made","andre","Mustard, brown, ready made fra Frida DTU database",145.59,5,10.8,6.83,3.2,""frida_dtu"",""204"",true
"frida-205","Garlic, raw","andre","Garlic, raw fra Frida DTU database",157.9,6.4,30.9,0.5,2.1,""frida_dtu"",""205"",true
"frida-206","Wine, rosé","andre","Wine, rosé fra Frida DTU database",71.5,,1.4,,"{'A':0,""frida_dtu"",""206"",true
"frida-207","Mayonnaise, low fat","fedtstoffer","Mayonnaise, low fat fra Frida DTU database",461.81,,51.31,,"{'A':0,""frida_dtu"",""207"",true
"frida-208","Minced meat in gravy, average values","kød","Minced meat in gravy, average values fra Frida DTU database",126.7,8.1,4.2,8.3,,""frida_dtu"",""208"",true
"frida-209","Cheese, firm, Samsoe, 45 % fidm.","mejeriprodukter","Cheese, firm, Samsoe, 45 % fidm. fra Frida DTU database",361.89,26.79,0.34,27.9,,""frida_dtu"",""209"",true
"frida-211","Baby food, infant formula, low iron content, powder","andre","Baby food, infant formula, low iron content, powder fra Frida DTU database",477.7,9.5,84,27.7,,""frida_dtu"",""211"",true
"frida-212","Sherry, medium","andre","Sherry, medium fra Frida DTU database",117.6,0.1,3.4,,"{'A':0,""frida_dtu"",""212"",true
"frida-213","Wine, red","andre","Wine, red fra Frida DTU database",77.3,0.2,0.3,,"{'A':0,""frida_dtu"",""213"",true
"frida-214","Cheese, hard, Cheshire, 50 % fidm.","mejeriprodukter","Cheese, hard, Cheshire, 50 % fidm. fra Frida DTU database",380.8,24,1.49,31.2,,""frida_dtu"",""214"",true
"frida-215","Eggs, chicken, egg white, raw","kød","Eggs, chicken, egg white, raw fra Frida DTU database",44.1,10.17,1,,"{'A':0,""frida_dtu"",""215"",true
"frida-216","Bacon, frying, raw","andre","Bacon, frying, raw fra Frida DTU database",430,13,,42,,""frida_dtu"",""216"",true
"frida-217","Vermouth, dry","andre","Vermouth, dry fra Frida DTU database",117.8,0.1,5.2,,"{'A':0,""frida_dtu"",""217"",true
"frida-220","Vermouth, sweet","andre","Vermouth, sweet fra Frida DTU database",144.8,,14.5,,"{'A':0,""frida_dtu"",""220"",true
"frida-221","Prune, dried plum","andre","Prune, dried plum fra Frida DTU database",230.34,2.67,48.28,0.7,7.6,""frida_dtu"",""221"",true
"frida-222","Tamarind, Indian date, raw","andre","Tamarind, Indian date, raw fra Frida DTU database",256.4,2.8,38.8,0.6,5.1,""frida_dtu"",""222"",true
"frida-223","Pastry, croissant","andre","Pastry, croissant fra Frida DTU database",419.5,7.71,41.74,24.11,2.3,""frida_dtu"",""223"",true
"frida-225","Eggs, chicken, egg white, dried","kød","Eggs, chicken, egg white, dried fra Frida DTU database",357,82.31,5.4,,"{'A':0,""frida_dtu"",""225"",true
"frida-226","Vinegar","andre","Vinegar fra Frida DTU database",19.6,0.4,1,,"{'A':0,""frida_dtu"",""226"",true
"frida-228","Madeira","andre","Madeira fra Frida DTU database",166,,10,,"{'A':0,""frida_dtu"",""228"",true
"frida-229","Campari","andre","Campari fra Frida DTU database",180,,20,,"{'A':0,""frida_dtu"",""229"",true
"frida-230","Pastry with poppy seeds","andre","Pastry with poppy seeds fra Frida DTU database",434.34,7.61,41.28,25.86,2.95,""frida_dtu"",""230"",true
"frida-231","Cheese, Blue and white mould, 70 % fidm.","mejeriprodukter","Cheese, Blue and white mould, 70 % fidm. fra Frida DTU database",449.45,12.6,0.1,44.08,,""frida_dtu"",""231"",true
"frida-232","Wine, white, sweet","andre","Wine, white, sweet fra Frida DTU database",95.8,0.2,5.9,,"{'A':0,""frida_dtu"",""232"",true
"frida-235","BITTER, all types, average values","andre","BITTER, all types, average values fra Frida DTU database",210.6,,0.1,,"{}",""frida_dtu"",""235"",true
"frida-236","Pepper, black","grøntsager","Pepper, black fra Frida DTU database",303.94,10.95,39,3.26,27,""frida_dtu"",""236"",true
"frida-240","BITTER, Gammel Dansk Bitter Dram","kornprodukter","BITTER, Gammel Dansk Bitter Dram fra Frida DTU database",213.5,,"{}","{'sodium':0,'zinc':0.04}",""frida_dtu"",""240"",true
"frida-245","Brandy, cognac","andre","Brandy, cognac fra Frida DTU database",224,,"{'A':0,'D':0,'E':0,""frida_dtu"",""245"",true
"frida-246","Wine, white, sparkling, champagne","andre","Wine, white, sparkling, champagne fra Frida DTU database",76.1,0.3,1.4,,"{'A':0,""frida_dtu"",""246"",true
"frida-248","Cheese, firm, Svenbo, 45 % fidm.","mejeriprodukter","Cheese, firm, Svenbo, 45 % fidm. fra Frida DTU database",377.2,27.6,1.56,29.2,,""frida_dtu"",""248"",true
"frida-249","Aquavit, spiced, average values","andre","Aquavit, spiced, average values fra Frida DTU database",267.6,,"{'A':0,'D':0,'E':0,""frida_dtu"",""249"",true
"frida-250","Sherry, dry","andre","Sherry, dry fra Frida DTU database",117.3,0.2,1.3,,"{'A':0,""frida_dtu"",""250"",true
"frida-251","Olives, black, without stones, in brine","andre","Olives, black, without stones, in brine fra Frida DTU database",171.2,1,,17.2,6.2,""frida_dtu"",""251"",true
"frida-257","Spirits, 70 % proof","andre","Spirits, 70 % proof fra Frida DTU database",233.8,,"{'A':0,'D':0,'E':0,""frida_dtu"",""257"",true
"frida-258","Vodka","andre","Vodka fra Frida DTU database",233.8,,"{'A':0,'D':0,'E':0,""frida_dtu"",""258"",true
"frida-259","Plain cake, lemon cake","andre","Plain cake, lemon cake fra Frida DTU database",429.06,4.6,54.1,21.3,1.32,""frida_dtu"",""259"",true
"frida-260","BITTER, Krabask Bitter","andre","BITTER, Krabask Bitter fra Frida DTU database",228,,1,,"{'A':0,""frida_dtu"",""260"",true
"frida-261","Cheese, hard, Emmentaler, 45 % fidm.","mejeriprodukter","Cheese, hard, Emmentaler, 45 % fidm. fra Frida DTU database",376.95,28.08,0.55,29.06,,""frida_dtu"",""261"",true
"frida-263","Breakfast cereal, Rice Krispies","kornprodukter","Breakfast cereal, Rice Krispies fra Frida DTU database",372,6,80.4,1.45,1.4,""frida_dtu"",""263"",true
"frida-264","Aquavit, 40 % vol., average values","andre","Aquavit, 40 % vol., average values fra Frida DTU database",224,,"{'A':0,'D':0,'E':0,""frida_dtu"",""264"",true
"frida-266","Ice cream, dairy, popsickle, strawberry","frugt","Ice cream, dairy, popsickle, strawberry fra Frida DTU database",157,4,21,5,,""frida_dtu"",""266"",true
"frida-268","Lemon juice, fresh","andre","Lemon juice, fresh fra Frida DTU database",31.2,0.38,1.6,,"{'A':0.5,""frida_dtu"",""268"",true
"frida-270","Cheese, semihard, Esrom, 60 % fidm.","mejeriprodukter","Cheese, semihard, Esrom, 60 % fidm. fra Frida DTU database",425.75,19.4,0.84,38.3,,""frida_dtu"",""270"",true
"frida-271","Cream yoghurt, 9 % fat, with fruit","frugt","Cream yoghurt, 9 % fat, with fruit fra Frida DTU database",128.3,3,12,7.7,0.5,""frida_dtu"",""271"",true
"frida-272","Tofu, soy bean curd","andre","Tofu, soy bean curd fra Frida DTU database",125.67,13.31,0.2,7.5,,""frida_dtu"",""272"",true
"frida-273","Port","andre","Port fra Frida DTU database",153.3,0.1,11.1,,"{'A':0,""frida_dtu"",""273"",true
"frida-276","Plain cake, chocolate cake","andre","Plain cake, chocolate cake fra Frida DTU database",432.46,5.3,49.3,23.5,1.32,""frida_dtu"",""276"",true
"frida-277","Bouillon, chicken, prepared","kød","Bouillon, chicken, prepared fra Frida DTU database",4.35,0.28,0.2,0.23,,""frida_dtu"",""277"",true
"frida-279","Danish pastry, cinnamon roll","andre","Danish pastry, cinnamon roll fra Frida DTU database",412,4,39.2,26,1.5,""frida_dtu"",""279"",true
"frida-280","Danish pastry, average values","andre","Danish pastry, average values fra Frida DTU database",442.19,4.5,43.1,27.3,2.95,""frida_dtu"",""280"",true
"frida-281","Plain cake, average values","andre","Plain cake, average values fra Frida DTU database",423.78,4.55,53.13,20.16,1.32,""frida_dtu"",""281"",true
"frida-282","Pop corn, oil and salt added, traditional","fedtstoffer","Pop corn, oil and salt added, traditional fra Frida DTU database",468,9.63,57.9,20.2,8.1,""frida_dtu"",""282"",true
"frida-283","Bulgur, parboiled, raw","fedtstoffer","Bulgur, parboiled, raw fra Frida DTU database",341.52,10.79,45.49,1.9,2.1,""frida_dtu"",""283"",true
"frida-285","Lentils, sprouted, raw","bælgfrugter","Lentils, sprouted, raw fra Frida DTU database",123,8.96,19.1,0.55,3.05,""frida_dtu"",""285"",true
"frida-286","Whisky","andre","Whisky fra Frida DTU database",252.4,,"{'A':0,'D':0,'E':0,""frida_dtu"",""286"",true
"frida-287","Sausage, beef salami","kød","Sausage, beef salami fra Frida DTU database",383.47,19.07,,34.13,,""frida_dtu"",""287"",true
"frida-291","Cheese, semihard, Havarti, 60 % fidm.","mejeriprodukter","Cheese, semihard, Havarti, 60 % fidm. fra Frida DTU database",424.27,19.5,0.88,37.93,,""frida_dtu"",""291"",true
"frida-300","Cream, cultured, 9 % fat  (Fraiche 9%)","mejeriprodukter","Cream, cultured, 9 % fat  (Fraiche 9%) fra Frida DTU database",118.24,6.83,3.2,8.2,,""frida_dtu"",""300"",true
"frida-301","Pork/beef sausage, teewurst","kød","Pork/beef sausage, teewurst fra Frida DTU database",478.3,10.9,,48.3,,""frida_dtu"",""301"",true
"frida-302","Hazelnut, dried","nødder","Hazelnut, dried fra Frida DTU database",657.12,13.2,3.32,60.58,0.5,""frida_dtu"",""302"",true
"frida-303","Cream, 9 % fat","mejeriprodukter","Cream, 9 % fat fra Frida DTU database",110.84,3.32,4.2,9.02,,""frida_dtu"",""303"",true
"frida-305","Pasta, raw","kornprodukter","Pasta, raw fra Frida DTU database",361.4,12,74,1.8,3.2,""frida_dtu"",""305"",true
"frida-307","Cheese, Quark, 5 % fidm.","mejeriprodukter","Cheese, Quark, 5 % fidm. fra Frida DTU database",57.6,9.14,3.67,0.3,,""frida_dtu"",""307"",true
"frida-308","Cheese, hard, Grana, 32 % fidm.","mejeriprodukter","Cheese, hard, Grana, 32 % fidm. fra Frida DTU database",353.84,33.14,0.23,24.1,,""frida_dtu"",""308"",true
"frida-309","Cheese, hard, Parmesan, 32 % fidm.","mejeriprodukter","Cheese, hard, Parmesan, 32 % fidm. fra Frida DTU database",359.7,33.6,2.16,24.38,,""frida_dtu"",""309"",true
"frida-313","Gin","andre","Gin fra Frida DTU database",265.3,,"{'A':0,'D':0,'E':0,""frida_dtu"",""313"",true
"frida-317","Gherkin, pickled, no sugar added","andre","Gherkin, pickled, no sugar added fra Frida DTU database",9.76,0.33,0.5,0.2,1.2,""frida_dtu"",""317"",true
"frida-319","Yeast, baker`s, compressed","andre","Yeast, baker`s, compressed fra Frida DTU database",114,7.66,,1.9,6,""frida_dtu"",""319"",true
"frida-320","Biscuit, sweet, vanilla flavoured","andre","Biscuit, sweet, vanilla flavoured fra Frida DTU database",528.02,4.7,61.5,28.8,1.99,""frida_dtu"",""320"",true
"frida-321","Cheese, hard, Cheddar, Danish","mejeriprodukter","Cheese, hard, Cheddar, Danish fra Frida DTU database",405.31,25.81,0.14,33.1,,""frida_dtu"",""321"",true
"frida-324","Fish cake, raw","fisk","Fish cake, raw fra Frida DTU database",108.12,8.5,11.56,2.8,1.14,""frida_dtu"",""324"",true
"frida-325","Rum","andre","Rum fra Frida DTU database",277.9,,"{'A':0,'D':0,'E':0,""frida_dtu"",""325"",true
"frida-328","Pistachio nuts, dried","nødder","Pistachio nuts, dried fra Frida DTU database",605.51,21.6,8.06,50.25,1.6,""frida_dtu"",""328"",true
"frida-330","Whipped egg white and sugar with chocolate covering","andre","Whipped egg white and sugar with chocolate covering fra Frida DTU database",406,4.2,63.1,15,0.4,""frida_dtu"",""330"",true
"frida-331","Millet, flakes","andre","Millet, flakes fra Frida DTU database",369.7,12.08,71.9,3.3,2,""frida_dtu"",""331"",true
"frida-333","Cheese, unripened, smoked, 1 % fat","mejeriprodukter","Cheese, unripened, smoked, 1 % fat fra Frida DTU database",67.93,11.88,3.5,0.52,,""frida_dtu"",""333"",true
"frida-335","Cod, liver, canned","fisk","Cod, liver, canned fra Frida DTU database",531.9,4.6,1,55,,""frida_dtu"",""335"",true
"frida-337","Snacks, expanded, cornbased","andre","Snacks, expanded, cornbased fra Frida DTU database",503.3,7,59,26,4,""frida_dtu"",""337"",true
"frida-340","Cheese, whey, Myseost, 33 % fidm.","mejeriprodukter","Cheese, whey, Myseost, 33 % fidm. fra Frida DTU database",433.4,15,33.1,27,,""frida_dtu"",""340"",true
"frida-341","Cheese, hard, Gruyere, 45 % fidm.","mejeriprodukter","Cheese, hard, Gruyere, 45 % fidm. fra Frida DTU database",396.1,29.9,2.01,30.1,,""frida_dtu"",""341"",true
"frida-342","Cabbage, red, canned, no sugar added","grøntsager","Cabbage, red, canned, no sugar added fra Frida DTU database",19.7,0.5,2.1,0.1,2.6,""frida_dtu"",""342"",true
"frida-343","Danish pastry, pretzel","andre","Danish pastry, pretzel fra Frida DTU database",416.2,4.3,38.2,27,1.6,""frida_dtu"",""343"",true
"frida-344","Sherry, sweet","andre","Sherry, sweet fra Frida DTU database",135.7,0.3,6.5,,"{'A':0,""frida_dtu"",""344"",true
"frida-348","Fig, dried","andre","Fig, dried fra Frida DTU database",291.7,3.3,54.03,0.93,9,""frida_dtu"",""348"",true
"frida-350","Cranberry, raw","frugt","Cranberry, raw fra Frida DTU database",42.33,0.39,4,0.13,4.6,""frida_dtu"",""350"",true
"frida-351","Pastry, 'linse'","andre","Pastry, 'linse' fra Frida DTU database",385.4,5.56,40.1,22,2.3,""frida_dtu"",""351"",true
"frida-352","Pop corn, oil and salt added","fedtstoffer","Pop corn, oil and salt added fra Frida DTU database",488.67,9.63,53.7,24.33,8.1,""frida_dtu"",""352"",true
"frida-356","Danish pastry, christmas cake","kornprodukter","Danish pastry, christmas cake fra Frida DTU database",458.29,5,38.1,31,2.95,""frida_dtu"",""356"",true
"frida-358","Sausage, salami","kød","Sausage, salami fra Frida DTU database",454.77,14.77,,43.97,,""frida_dtu"",""358"",true
"frida-359","Pound cake","andre","Pound cake fra Frida DTU database",446.2,6.23,48.7,25,1,""frida_dtu"",""359"",true
"frida-364","Quinces, raw","andre","Quinces, raw fra Frida DTU database",59.9,0.4,6.3,0.1,1.9,""frida_dtu"",""364"",true
"frida-366","Pumpkin, raw","andre","Pumpkin, raw fra Frida DTU database",17.9,0.6,3.3,0.1,1.1,""frida_dtu"",""366"",true
"frida-367","Salad dressing, blue cheese","mejeriprodukter","Salad dressing, blue cheese fra Frida DTU database",519.5,4.8,9.8,52.3,,""frida_dtu"",""367"",true
"frida-368","Radishes, oriental, daikon, Japanese radish, raw","andre","Radishes, oriental, daikon, Japanese radish, raw fra Frida DTU database",16.98,0.6,2.9,0.1,1.6,""frida_dtu"",""368"",true
"frida-370","Sesame seeds, whole","andre","Sesame seeds, whole fra Frida DTU database",605,19.58,1.42,53.8,1.25,""frida_dtu"",""370"",true
"frida-371","Olives, green, pickled, canned","andre","Olives, green, pickled, canned fra Frida DTU database",134.1,1.13,0.5,11.7,2.4,""frida_dtu"",""371"",true
"frida-372","Seaweed, agar, dried","andre","Seaweed, agar, dried fra Frida DTU database",299.1,2.3,69.3,0.3,5,""frida_dtu"",""372"",true
"frida-375","Crispbread, knackebrot, rye, coarse","kornprodukter","Crispbread, knackebrot, rye, coarse fra Frida DTU database",343.36,9.31,60.4,1.98,15.3,""frida_dtu"",""375"",true
"frida-377","Macaroni, spaghetti, whole meal, raw","andre","Macaroni, spaghetti, whole meal, raw fra Frida DTU database",351.7,13.1,63.5,2.9,9.6,""frida_dtu"",""377"",true
"frida-379","Rye bread, dark, wholemeal, imported","kornprodukter","Rye bread, dark, wholemeal, imported fra Frida DTU database",200.22,5.66,40.18,2,8,""frida_dtu"",""379"",true
"frida-380","Pear, canned","frugt","Pear, canned fra Frida DTU database",70.6,0.3,19.5,0.2,2.4,""frida_dtu"",""380"",true
"frida-381","Turnip, raw","andre","Turnip, raw fra Frida DTU database",26.1,0.6,3.8,0.1,2,""frida_dtu"",""381"",true
"frida-383","BITTER, sweet, all types, average values","andre","BITTER, sweet, all types, average values fra Frida DTU database",265.2,,18,,"{}",""frida_dtu"",""383"",true
"frida-384","Bean, adzuki, sprouted, raw","andre","Bean, adzuki, sprouted, raw fra Frida DTU database",134.6,10,18.8,1,5.2,""frida_dtu"",""384"",true
"frida-385","Millet, whole-grain","andre","Millet, whole-grain fra Frida DTU database",368.22,11.02,64.3,4,2.6,""frida_dtu"",""385"",true
"frida-386","Pop corn, microwave oven","andre","Pop corn, microwave oven fra Frida DTU database",505.17,9.63,52.2,27,8,""frida_dtu"",""386"",true
"frida-387","Mussel, raw","andre","Mussel, raw fra Frida DTU database",83,11.9,,2.24,,""frida_dtu"",""387"",true
"frida-388","Cucumber, raw","andre","Cucumber, raw fra Frida DTU database",11.85,0.72,1.56,,0.77,""frida_dtu"",""388"",true
"frida-389","Loquat, raw","andre","Loquat, raw fra Frida DTU database",48.68,0.43,6,,2,""frida_dtu"",""389"",true
"frida-390","Cashew nuts, oil roasted","fedtstoffer","Cashew nuts, oil roasted fra Frida DTU database",610.21,16.84,23.56,47.77,3.3,""frida_dtu"",""390"",true
"frida-392","Danish pastry, butter ring","mejeriprodukter","Danish pastry, butter ring fra Frida DTU database",469.09,4.3,41.7,31,2.95,""frida_dtu"",""392"",true
"frida-393","Nut paste with cacao, spreads","andre","Nut paste with cacao, spreads fra Frida DTU database",526.6,7,57.3,29.6,4.9,""frida_dtu"",""393"",true
"frida-395","Corn flakes, average values","andre","Corn flakes, average values fra Frida DTU database",373.86,7.49,82.17,1.35,3.06,""frida_dtu"",""395"",true
"frida-396","Breakfast cereal, müsli, average values","kornprodukter","Breakfast cereal, müsli, average values fra Frida DTU database",405.14,9.43,56.03,11.12,7.16,""frida_dtu"",""396"",true
"frida-398","Mock turtle ragout, average values","andre","Mock turtle ragout, average values fra Frida DTU database",109.4,7.9,5.5,6.2,,""frida_dtu"",""398"",true
"frida-403","Apricot, canned, light syrup pack","andre","Apricot, canned, light syrup pack fra Frida DTU database",68.17,0.53,14.9,0.05,1.5,""frida_dtu"",""403"",true
"frida-404","Gherkin, pickled","andre","Gherkin, pickled fra Frida DTU database",58.3,0.33,11.1,0.7,1.8,""frida_dtu"",""404"",true
"frida-406","Pork sausage, saveloy type, low fat","kød","Pork sausage, saveloy type, low fat fra Frida DTU database",129.7,10,3.9,8.1,,""frida_dtu"",""406"",true
"frida-407","Grape juice","frugt","Grape juice fra Frida DTU database",62.56,0.56,15,0.08,0.1,""frida_dtu"",""407"",true
"frida-408","Crayfish, raw","fisk","Crayfish, raw fra Frida DTU database",67.7,14.6,1.2,0.5,,""frida_dtu"",""408"",true
"frida-409","Corn starch","andre","Corn starch fra Frida DTU database",361.2,0.37,86.78,0.6,0.5,""frida_dtu"",""409"",true
"frida-410","Carrot, canned","grøntsager","Carrot, canned fra Frida DTU database",23.43,0.64,4.1,0.19,1.5,""frida_dtu"",""410"",true
"frida-412","Potatoes, mashed, instant powder with dry milk","grøntsager","Potatoes, mashed, instant powder with dry milk fra Frida DTU database",333.3,10.9,62.5,1.1,14.9,""frida_dtu"",""412"",true
"frida-413","Rye bread, light","kornprodukter","Rye bread, light fra Frida DTU database",205.32,5.45,40.22,1.18,6.89,""frida_dtu"",""413"",true
"frida-416","Bitter, Jägermeister","andre","Bitter, Jägermeister fra Frida DTU database",294,,14,,"{'A':0,""frida_dtu"",""416"",true
"frida-417","Salt, table","andre","Salt, table fra Frida DTU database",,"{'A':0,'D':0,'E':0,'B1':0,""frida_dtu"",""417"",true
"frida-418","Rye bread, dark, pumpernickel","kornprodukter","Rye bread, dark, pumpernickel fra Frida DTU database",196.23,5.33,32.65,1.15,9.95,""frida_dtu"",""418"",true
"frida-419","Spring roll, frozen","andre","Spring roll, frozen fra Frida DTU database",151,5.8,14,6.8,2.1,""frida_dtu"",""419"",true
"frida-421","Apricot, canned, no sugar added","andre","Apricot, canned, no sugar added fra Frida DTU database",26.84,0.71,5.3,0.16,1.5,""frida_dtu"",""421"",true
"frida-422","Pumpkin, canned","andre","Pumpkin, canned fra Frida DTU database",103.1,0.4,24.7,0.1,0.9,""frida_dtu"",""422"",true
"frida-423","Pineapple, canned","frugt","Pineapple, canned fra Frida DTU database",63.5,0.4,3.7,0.3,1.4,""frida_dtu"",""423"",true
"frida-424","Onions, chopped, frozen","grøntsager","Onions, chopped, frozen fra Frida DTU database",27.74,1,5.7,0.1,1.8,""frida_dtu"",""424"",true
"frida-425","Cream pastry, layer cake","mejeriprodukter","Cream pastry, layer cake fra Frida DTU database",302.43,3.31,37.11,16.67,0.7,""frida_dtu"",""425"",true
"frida-426","Wheat rusk","andre","Wheat rusk fra Frida DTU database",385.27,9.3,72.3,5.8,3.26,""frida_dtu"",""426"",true
"frida-427","Wheat rusk","andre","Wheat rusk fra Frida DTU database",374.8,9.3,75.6,5.8,8.5,""frida_dtu"",""427"",true
"frida-428","Chayote fruit, raw","frugt","Chayote fruit, raw fra Frida DTU database",19.09,0.82,2.8,0.13,1.7,""frida_dtu"",""428"",true
"frida-432","Crispbread, knackebrot, rye, fine","kornprodukter","Crispbread, knackebrot, rye, fine fra Frida DTU database",344.6,10.8,56.4,2,15,""frida_dtu"",""432"",true
"frida-433","Mustard, yellow, ready made","andre","Mustard, yellow, ready made fra Frida DTU database",164.6,5.7,20,6.4,1.7,""frida_dtu"",""433"",true
"frida-434","Peach, canned","andre","Peach, canned fra Frida DTU database",70.8,0.48,2.2,0.2,1.2,""frida_dtu"",""434"",true
"frida-435","Liqueur, average values","andre","Liqueur, average values fra Frida DTU database",269.1,,29,,"{'A':0,""frida_dtu"",""435"",true
"frida-436","Corn flakes, frosted","mejeriprodukter","Corn flakes, frosted fra Frida DTU database",380.75,5.25,82.9,0.83,1.77,""frida_dtu"",""436"",true
"frida-438","Sunflower seeds, decorticated, dried","andre","Sunflower seeds, decorticated, dried fra Frida DTU database",620.35,24.69,3.56,54.35,0.6,""frida_dtu"",""438"",true
"frida-439","Sauce gravad lax","andre","Sauce gravad lax fra Frida DTU database",562.8,1.6,13.1,56,,""frida_dtu"",""439"",true
"frida-443","Snacks, extruded, cornbased","andre","Snacks, extruded, cornbased fra Frida DTU database",537.35,9,52.3,32.13,1.4,""frida_dtu"",""443"",true
"frida-444","Oats, rolled, enriched","kornprodukter","Oats, rolled, enriched fra Frida DTU database",362.17,12.98,58.93,6.49,11.2,""frida_dtu"",""444"",true
"frida-447","Muskmelon, raw","kornprodukter","Muskmelon, raw fra Frida DTU database",23.43,0.82,3.8,0.15,1,""frida_dtu"",""447"",true
"frida-451","Tomato, Danish, ripe, raw","grøntsager","Tomato, Danish, ripe, raw fra Frida DTU database",19.7,0.7,3.17,0.3,1.9,""frida_dtu"",""451"",true
"frida-452","Tangerine, canned","andre","Tangerine, canned fra Frida DTU database",61.5,0.46,14,,0.6,""frida_dtu"",""452"",true
"frida-454","Plaice, fillet, breaded, frozen","kornprodukter","Plaice, fillet, breaded, frozen fra Frida DTU database",136.1,12.5,18.5,1.1,1,""frida_dtu"",""454"",true
"frida-458","Apricot, dried","andre","Apricot, dried fra Frida DTU database",247.63,3.53,56.15,1.7,9.3,""frida_dtu"",""458"",true
"frida-459","Sauce, barbeque","andre","Sauce, barbeque fra Frida DTU database",146.65,,36,0.29,0.5,""frida_dtu"",""459"",true
"frida-460","Breakfast cereal, Müsli with added sugar","kornprodukter","Breakfast cereal, Müsli with added sugar fra Frida DTU database",369.5,12,61.82,6.3,8.8,""frida_dtu"",""460"",true
"frida-461","Breakfast cereal, Müsli, no sugar added","kornprodukter","Breakfast cereal, Müsli, no sugar added fra Frida DTU database",366.55,12,61.82,6.01,8.8,""frida_dtu"",""461"",true
"frida-462","Rye bread, fine with wheat flour, industrially produced","kornprodukter","Rye bread, fine with wheat flour, industrially produced fra Frida DTU database",224.57,6.47,41.58,1.25,4.88,""frida_dtu"",""462"",true
"frida-464","Lime, raw","andre","Lime, raw fra Frida DTU database",36.58,0.7,1.7,0.2,2.8,""frida_dtu"",""464"",true
"frida-465","Crab apple, raw","frugt","Crab apple, raw fra Frida DTU database",82.86,0.4,5.8,0.3,0.6,""frida_dtu"",""465"",true
"frida-467","Elderberry, juice, concentrated, sugar not added","frugt","Elderberry, juice, concentrated, sugar not added fra Frida DTU database",30.5,0.5,4.5,0.5,,""frida_dtu"",""467"",true
"frida-468","Cream, 13 % fat (UHT)","mejeriprodukter","Cream, 13 % fat (UHT) fra Frida DTU database",146.73,2.8,3.74,13.3,,""frida_dtu"",""468"",true
"frida-469","Frog legs, frozen","andre","Frog legs, frozen fra Frida DTU database",69.1,16.4,,0.3,,""frida_dtu"",""469"",true
"frida-470","Pepper, hot chili, canned","grøntsager","Pepper, hot chili, canned fra Frida DTU database",26.5,0.9,5.1,0.1,1.2,""frida_dtu"",""470"",true
"frida-471","Sesame seed, decorticated","andre","Sesame seed, decorticated fra Frida DTU database",643.17,22.74,1.82,57.35,1.5,""frida_dtu"",""471"",true
"frida-472","Strawberry juice, concentrated, sugar not added","frugt","Strawberry juice, concentrated, sugar not added fra Frida DTU database",34.5,0.5,5.5,0.5,,""frida_dtu"",""472"",true
"frida-473","Raspberry juice, concentrated, sugar not added","frugt","Raspberry juice, concentrated, sugar not added fra Frida DTU database",34.5,0.5,5.5,0.5,,""frida_dtu"",""473"",true
"frida-474","Burbot, raw","andre","Burbot, raw fra Frida DTU database",70.1,16.4,,0.5,,""frida_dtu"",""474"",true
"frida-475","Hake, raw","andre","Hake, raw fra Frida DTU database",68.8,16.3,,0.4,,""frida_dtu"",""475"",true
"frida-476","Cream pastry, strawberry cake","frugt","Cream pastry, strawberry cake fra Frida DTU database",216,2.9,32.3,8.2,0.7,""frida_dtu"",""476"",true
"frida-477","Salad dressing, mayonnaise, low calorie","andre","Salad dressing, mayonnaise, low calorie fra Frida DTU database",178.6,0.95,12.3,13.4,,""frida_dtu"",""477"",true
"frida-478","Liqueur, Curacao","andre","Liqueur, Curacao fra Frida DTU database",297.3,,26.9,,"{'A':0,""frida_dtu"",""478"",true
"frida-479","Lettuce, iceberg (incl. crisphead types), raw","grøntsager","Lettuce, iceberg (incl. crisphead types), raw fra Frida DTU database",16,0.8,2.15,,1.08,""frida_dtu"",""479"",true
"frida-480","Oats, rolled, not enriched","kornprodukter","Oats, rolled, not enriched fra Frida DTU database",365.79,13.27,58.93,6.69,10.33,""frida_dtu"",""480"",true
"frida-481","Currant, red, juice, concentrated, sugar not added","andre","Currant, red, juice, concentrated, sugar not added fra Frida DTU database",38.5,0.5,5.5,0.5,,""frida_dtu"",""481"",true
"frida-482","Strawberries, frozen, sweetened, whole","andre","Strawberries, frozen, sweetened, whole fra Frida DTU database",83.8,0.52,19,0.2,1.9,""frida_dtu"",""482"",true
"frida-483","Cream, 13 % fat","mejeriprodukter","Cream, 13 % fat fra Frida DTU database",150.79,2.9,3.95,13.47,,""frida_dtu"",""483"",true
"frida-486","Saccharin","andre","Saccharin fra Frida DTU database",360.24,0.94,,"{'A':0,'D':0,""frida_dtu"",""486"",true
"frida-489","Sausage, salami","kød","Sausage, salami fra Frida DTU database",509.5,13.88,0.8,49.2,,""frida_dtu"",""489"",true
"frida-490","Radish, white, raw","andre","Radish, white, raw fra Frida DTU database",21.9,1,2.9,0.1,0.7,""frida_dtu"",""490"",true
"frida-491","Melon, cantaloup, raw","kornprodukter","Melon, cantaloup, raw fra Frida DTU database",35.95,0.84,7.89,0.19,0.9,""frida_dtu"",""491"",true
"frida-492","Beet, red, canned, no sugar added","andre","Beet, red, canned, no sugar added fra Frida DTU database",29.14,0.91,9.73,0.14,2.3,""frida_dtu"",""492"",true
"frida-493","Meat balls, canned","kød","Meat balls, canned fra Frida DTU database",126.4,7.1,2.9,9.6,,""frida_dtu"",""493"",true
"frida-495","Octopus, raw","andre","Octopus, raw fra Frida DTU database",77,16,1.5,0.9,,""frida_dtu"",""495"",true
"frida-496","Horse-radish, raw","andre","Horse-radish, raw fra Frida DTU database",104.1,7.7,11,0.7,7.5,""frida_dtu"",""496"",true
"frida-497","Strawberries, canned","andre","Strawberries, canned fra Frida DTU database",81.38,0.4,20.1,0.4,0.91,""frida_dtu"",""497"",true
"frida-498","Pork in curry sauce, frozen","kød","Pork in curry sauce, frozen fra Frida DTU database",119.4,9,2,8.6,,""frida_dtu"",""498"",true
"frida-500","Currant, black, juice, concentrated, sugar not added","andre","Currant, black, juice, concentrated, sugar not added fra Frida DTU database",50.5,0.5,7,0.5,,""frida_dtu"",""500"",true
"frida-501","Snail, edible, raw","andre","Snail, edible, raw fra Frida DTU database",83.8,16,2,1,,""frida_dtu"",""501"",true
"frida-502","Carrot, frozen","grøntsager","Carrot, frozen fra Frida DTU database",29.51,1.08,3.94,0.2,2.3,""frida_dtu"",""502"",true
"frida-503","Pepper, sweet, canned","grøntsager","Pepper, sweet, canned fra Frida DTU database",19.1,0.8,2.5,0.3,1.2,""frida_dtu"",""503"",true
"frida-504","Pastry, coco macaroon","andre","Pastry, coco macaroon fra Frida DTU database",453,6.3,37.7,28,11.6,""frida_dtu"",""504"",true
"frida-505","Ice cream, dairy, popsickle, vanilla","mejeriprodukter","Ice cream, dairy, popsickle, vanilla fra Frida DTU database",186,4,20,10,,""frida_dtu"",""505"",true
"frida-508","Grape, green, raw","frugt","Grape, green, raw fra Frida DTU database",67.79,0.62,15.9,,0.9,""frida_dtu"",""508"",true
"frida-510","Papaya, raw","andre","Papaya, raw fra Frida DTU database",46.67,0.68,7.44,0.27,2.08,""frida_dtu"",""510"",true
"frida-511","Milk, dry, whole, powder","mejeriprodukter","Milk, dry, whole, powder fra Frida DTU database",492.53,23.93,37,26.05,,""frida_dtu"",""511"",true
"frida-512","Pizza Romana, frozen","andre","Pizza Romana, frozen fra Frida DTU database",177.2,7.2,23.1,5.8,1.9,""frida_dtu"",""512"",true
"frida-513","Cherry juice, concentrated, sugar not added","andre","Cherry juice, concentrated, sugar not added fra Frida DTU database",58.5,0.5,8.5,0.5,,""frida_dtu"",""513"",true
"frida-514","Lingonberry, jam","frugt","Lingonberry, jam fra Frida DTU database",155.6,0.2,30.8,0.2,2.5,""frida_dtu"",""514"",true
"frida-515","Pecans, dried","andre","Pecans, dried fra Frida DTU database",720.61,9.17,6,71.97,10,""frida_dtu"",""515"",true
"frida-517","Cheese, cottage, 20 % fidm.","mejeriprodukter","Cheese, cottage, 20 % fidm. fra Frida DTU database",98.87,13.27,2.5,4.25,,""frida_dtu"",""517"",true
"frida-518","Shrimp, boiled, shell removed","fedtstoffer","Shrimp, boiled, shell removed fra Frida DTU database",67.62,15.04,,0.83,,""frida_dtu"",""518"",true
"frida-519","Swede, raw","andre","Swede, raw fra Frida DTU database",33.9,1.03,4.2,0.1,2.9,""frida_dtu"",""519"",true
"frida-520","Quark with fruit","frugt","Quark with fruit fra Frida DTU database",165.57,6.91,7.27,8.21,,""frida_dtu"",""520"",true
"frida-525","Cod, roe, canned","fisk","Cod, roe, canned fra Frida DTU database",99.1,16.35,2.7,3.7,,""frida_dtu"",""525"",true
"frida-526","Whey, sweet, fluid","andre","Whey, sweet, fluid fra Frida DTU database",27.2,0.85,5.14,0.36,,""frida_dtu"",""526"",true
"frida-527","Shrimp, canned","andre","Shrimp, canned fra Frida DTU database",79.48,17.17,0.8,1.2,,""frida_dtu"",""527"",true
"frida-529","Rose hip syrup","andre","Rose hip syrup fra Frida DTU database",231.2,,56.8,,"{'B1':0,""frida_dtu"",""529"",true
"frida-533","Date, dried","andre","Date, dried fra Frida DTU database",309.26,2,64.2,0.5,6.4,""frida_dtu"",""533"",true
"frida-534","Bouillon, beef, cube, prepared","kød","Bouillon, beef, cube, prepared fra Frida DTU database",6.5,1,0.22,,"{'A':0,""frida_dtu"",""534"",true
"frida-535","Ice cream, dairy, three coloured","mejeriprodukter","Ice cream, dairy, three coloured fra Frida DTU database",197.6,4,19.48,10,,""frida_dtu"",""535"",true
"frida-537","Tea, leaves","andre","Tea, leaves fra Frida DTU database",233.2,19.6,3,2,55.8,""frida_dtu"",""537"",true
"frida-538","Rhubarb, frozen","andre","Rhubarb, frozen fra Frida DTU database",25.9,0.9,1.86,0.3,3.8,""frida_dtu"",""538"",true
"frida-540","Gherkin cucumber, raw","andre","Gherkin cucumber, raw fra Frida DTU database",16.7,1.2,1.8,0.1,1.3,""frida_dtu"",""540"",true
"frida-541","Lemon sole, raw","andre","Lemon sole, raw fra Frida DTU database",72,16,,0.7,,""frida_dtu"",""541"",true
"frida-542","Cucumber, large, pickled","andre","Cucumber, large, pickled fra Frida DTU database",75.5,1,12.7,0.5,0.5,""frida_dtu"",""542"",true
"frida-544","Chicory, raw","andre","Chicory, raw fra Frida DTU database",18.77,1.14,2,0.17,1.1,""frida_dtu"",""544"",true
"frida-546","Dab, raw","andre","Dab, raw fra Frida DTU database",75.4,16.6,,1,,""frida_dtu"",""546"",true
"frida-547","Kidney, calf, raw","andre","Kidney, calf, raw fra Frida DTU database",95.2,16.4,0.2,1.6,,""frida_dtu"",""547"",true
"frida-548","Cod, fillet, breaded, raw","fisk","Cod, fillet, breaded, raw fra Frida DTU database",113.16,13.68,12.1,0.8,1.2,""frida_dtu"",""548"",true
"frida-549","Blue whiting, fillet, raw","andre","Blue whiting, fillet, raw fra Frida DTU database",77.2,17.5,,0.8,,""frida_dtu"",""549"",true
"frida-550","Liver, pig, in cream sauce, frozen","mejeriprodukter","Liver, pig, in cream sauce, frozen fra Frida DTU database",123.8,11.9,6.9,5.4,,""frida_dtu"",""550"",true
"frida-551","Pastry, average values","andre","Pastry, average values fra Frida DTU database",470.58,6.05,53.67,26,2.2,""frida_dtu"",""551"",true
"frida-553","Whiting, raw","andre","Whiting, raw fra Frida DTU database",78.2,18.2,,0.6,,""frida_dtu"",""553"",true
"frida-556","Salt, sea salt (no iodine fortification)","andre","Salt, sea salt (no iodine fortification) fra Frida DTU database",,"{'A':0,'D':0,'E':0,'B1':0,""frida_dtu"",""556"",true
"frida-558","Oat Bran, Danish","andre","Oat Bran, Danish fra Frida DTU database",366.59,17.3,50.75,7.03,15.4,""frida_dtu"",""558"",true
"frida-559","Carrot, raw","grøntsager","Carrot, raw fra Frida DTU database",29.31,0.25,4.4,0.05,,""frida_dtu"",""559"",true
"frida-560","Mandarin orange, raw","frugt","Mandarin orange, raw fra Frida DTU database",47.38,0.8,8.31,,1.42,""frida_dtu"",""560"",true
"frida-561","Perch, raw","andre","Perch, raw fra Frida DTU database",77.3,16.4,,1.3,,""frida_dtu"",""561"",true
"frida-562","Cod, fillet, boiled","fisk","Cod, fillet, boiled fra Frida DTU database",75.27,17.51,,0.58,,""frida_dtu"",""562"",true
"frida-564","Wolffish (catfish), raw","fisk","Wolffish (catfish), raw fra Frida DTU database",96.7,16.1,,3,,""frida_dtu"",""564"",true
"frida-566","Heart, veal, raw","andre","Heart, veal, raw fra Frida DTU database",106.1,14.9,1.8,3.7,,""frida_dtu"",""566"",true
"frida-569","Kidney, ox, raw","andre","Kidney, ox, raw fra Frida DTU database",106,15.6,0.9,2.8,,""frida_dtu"",""569"",true
"frida-570","Torsk, tusk, raw","fisk","Torsk, tusk, raw fra Frida DTU database",78.7,19,,0.3,,""frida_dtu"",""570"",true
"frida-571","Cod, fillet, smoked, with skin","fisk","Cod, fillet, smoked, with skin fra Frida DTU database",78.7,19,,0.3,,""frida_dtu"",""571"",true
"frida-572","Prickly pear, Indian fig, raw","frugt","Prickly pear, Indian fig, raw fra Frida DTU database",38.59,0.73,9.7,0.51,3.6,""frida_dtu"",""572"",true
"frida-573","Cabbage, Chinese, raw","grøntsager","Cabbage, Chinese, raw fra Frida DTU database",17,1.26,1.92,0.17,1.2,""frida_dtu"",""573"",true
"frida-574","Kidney, pig, raw","andre","Kidney, pig, raw fra Frida DTU database",97.92,16,1.1,3,,""frida_dtu"",""574"",true
"frida-575","Norway pout, flesh, raw","andre","Norway pout, flesh, raw fra Frida DTU database",79.4,17.6,,1,,""frida_dtu"",""575"",true
"frida-577","Pastry, frangipani pastry","andre","Pastry, frangipani pastry fra Frida DTU database",476.7,5.7,49.2,27.9,3,""frida_dtu"",""577"",true
"frida-578","Figs, raw","andre","Figs, raw fra Frida DTU database",76.62,0.75,11.5,0.3,2.9,""frida_dtu"",""578"",true
"frida-579","Carambola, raw","andre","Carambola, raw fra Frida DTU database",33.37,1.04,6.83,0.33,2.8,""frida_dtu"",""579"",true
"frida-581","Turbot, raw","andre","Turbot, raw fra Frida DTU database",89.91,16.4,,1.42,,""frida_dtu"",""581"",true
"frida-582","Haddock, raw","andre","Haddock, raw fra Frida DTU database",76.88,17.93,,0.57,,""frida_dtu"",""582"",true
"frida-583","Pork, liver paste, Danish, low fat","kød","Pork, liver paste, Danish, low fat fra Frida DTU database",150.58,10,12.42,6.7,0.3,""frida_dtu"",""583"",true
"frida-584","Flounder, raw","andre","Flounder, raw fra Frida DTU database",85.83,17.91,,1.58,,""frida_dtu"",""584"",true
"frida-585","Endive (escarole), raw","andre","Endive (escarole), raw fra Frida DTU database",14,1.25,1.1,0.2,3.1,""frida_dtu"",""585"",true
"frida-587","Pollack, raw","andre","Pollack, raw fra Frida DTU database",71.16,17.38,,0.18,,""frida_dtu"",""587"",true
"frida-588","Plain cake, frangipani cake","andre","Plain cake, frangipani cake fra Frida DTU database",430,5,58.5,19,1.9,""frida_dtu"",""588"",true
"frida-589","Caviar, Danish (roe, lump-sucker)","andre","Caviar, Danish (roe, lump-sucker) fra Frida DTU database",105.98,13.27,,5.7,,""frida_dtu"",""589"",true
"frida-590","Pizza Napolitana, frozen","andre","Pizza Napolitana, frozen fra Frida DTU database",181.1,8.6,21.9,6.1,2.1,""frida_dtu"",""590"",true
"frida-591","Lettuce, looseleaf, raw","grøntsager","Lettuce, looseleaf, raw fra Frida DTU database",15.39,1.36,1.6,0.15,1.3,""frida_dtu"",""591"",true
"frida-592","Split peas, dry, raw","bælgfrugter","Split peas, dry, raw fra Frida DTU database",347.3,22,41.77,2.1,7.4,""frida_dtu"",""592"",true
"frida-593","Persimmon, kaki fruit, raw","frugt","Persimmon, kaki fruit, raw fra Frida DTU database",87.06,0.66,15.22,0.3,5.93,""frida_dtu"",""593"",true
"frida-594","Ling, fillet, raw","andre","Ling, fillet, raw fra Frida DTU database",80,20,,0.2,,""frida_dtu"",""594"",true
"frida-595","Sole, raw","andre","Sole, raw fra Frida DTU database",85.1,18.7,,1.1,,""frida_dtu"",""595"",true
"frida-596","Tomato, peeled, canned","grøntsager","Tomato, peeled, canned fra Frida DTU database",21,1,2.3,,1,""frida_dtu"",""596"",true
"frida-597","Meat balls, average values","kød","Meat balls, average values fra Frida DTU database",145,9,6,10,,""frida_dtu"",""597"",true
"frida-598","Fish balls, fried","fisk","Fish balls, fried fra Frida DTU database",153.08,13.73,9.2,6.73,0.9,""frida_dtu"",""598"",true
"frida-599","Endive (frisee), raw","kornprodukter","Endive (frisee), raw fra Frida DTU database",18.4,1.3,1.6,,0.9,""frida_dtu"",""599"",true
"frida-600","Lettuce, Cos or romaine, raw","grøntsager","Lettuce, Cos or romaine, raw fra Frida DTU database",17.42,1.22,1.39,0.03,,""frida_dtu"",""600"",true
"frida-601","Pikeperch, raw","andre","Pikeperch, raw fra Frida DTU database",86.7,19.2,0.5,0.7,,""frida_dtu"",""601"",true
"frida-602","Potatoes, mashed, instant powder without dry milk","grøntsager","Potatoes, mashed, instant powder without dry milk fra Frida DTU database",349.98,8,70.6,0.54,14.9,""frida_dtu"",""602"",true
"frida-603","Redfish, ocean perch, raw","fisk","Redfish, ocean perch, raw fra Frida DTU database",83.7,18.9,,0.9,,""frida_dtu"",""603"",true
"frida-604","Spring roll with minced beef and white cabbage, deepfried, fast food","grøntsager","Spring roll with minced beef and white cabbage, deepfried, fast food fra Frida DTU database",203.43,6.14,18,9.81,2.4,""frida_dtu"",""604"",true
"frida-606","Carrot, raw","grøntsager","Carrot, raw fra Frida DTU database",33.16,0.38,3.75,,"{'A':1135.83,""frida_dtu"",""606"",true
"frida-607","Cod, liver, smoked","fisk","Cod, liver, smoked fra Frida DTU database",623.8,5.1,1,66.6,,""frida_dtu"",""607"",true
"frida-608","Cod, liver, raw","fisk","Cod, liver, raw fra Frida DTU database",623.8,5.1,1,66.6,,""frida_dtu"",""608"",true
"frida-610","Nectarine, raw","andre","Nectarine, raw fra Frida DTU database",41.87,0.8,8.23,,1.52,""frida_dtu"",""610"",true
"frida-611","Pike, raw","andre","Pike, raw fra Frida DTU database",89.6,19,,1.2,,""frida_dtu"",""611"",true
"frida-612","Salad dressing, oil and vinegar, low calorie","fedtstoffer","Salad dressing, oil and vinegar, low calorie fra Frida DTU database",48.7,0.26,9.16,1.5,,""frida_dtu"",""612"",true
"frida-614","Squash, all varieties, raw","andre","Squash, all varieties, raw fra Frida DTU database",16.6,1.61,2.2,0.2,1.2,""frida_dtu"",""614"",true
"frida-615","Wheat bread, with whole kernels","kornprodukter","Wheat bread, with whole kernels fra Frida DTU database",231.4,6.9,41,2.6,8.2,""frida_dtu"",""615"",true
"frida-616","Avocado, raw","andre","Avocado, raw fra Frida DTU database",155,1.62,1.1,15.06,,""frida_dtu"",""616"",true
"frida-617","Wheat bran","andre","Wheat bran fra Frida DTU database",291.3,16.15,24.54,5.3,40.2,""frida_dtu"",""617"",true
"frida-621","Beet, red, canned","andre","Beet, red, canned fra Frida DTU database",60.3,1,11.97,0.3,2,""frida_dtu"",""621"",true
"frida-622","Lentils, brown, dried, raw","bælgfrugter","Lentils, brown, dried, raw fra Frida DTU database",336.4,25,46,2,11.2,""frida_dtu"",""622"",true
"frida-624","Tomato, imported, ripe, raw","grøntsager","Tomato, imported, ripe, raw fra Frida DTU database",32.6,1.1,3.17,0.4,2.1,""frida_dtu"",""624"",true
"frida-625","Lobster, boiled","fedtstoffer","Lobster, boiled fra Frida DTU database",89.5,18.7,,1.5,,""frida_dtu"",""625"",true
"frida-626","Lobster, canned","andre","Lobster, canned fra Frida DTU database",89.5,18.7,,2,,""frida_dtu"",""626"",true
"frida-627","Butterhead lettuce (US), cabbage lettuce (UK), raw","grøntsager","Butterhead lettuce (US), cabbage lettuce (UK), raw fra Frida DTU database",13.95,1.28,2.15,0.35,1.3,""frida_dtu"",""627"",true
"frida-628","Margarine, 70 % fat, table use, soft, vegetable fat","grøntsager","Margarine, 70 % fat, table use, soft, vegetable fat fra Frida DTU database",681,0.8,,70.6,,""frida_dtu"",""628"",true
"frida-629","Cabbage, red, canned","grøntsager","Cabbage, red, canned fra Frida DTU database",75.2,1,5.1,0.2,2.1,""frida_dtu"",""629"",true
"frida-630","Lychee, raw","andre","Lychee, raw fra Frida DTU database",70.8,0.83,15.2,0.44,1.3,""frida_dtu"",""630"",true
"frida-631","Pizza, frozen, average values","andre","Pizza, frozen, average values fra Frida DTU database",189.5,8.9,23.8,6.1,1.9,""frida_dtu"",""631"",true
"frida-632","Pomegranate, raw","andre","Pomegranate, raw fra Frida DTU database",67.18,0.95,13.67,0.3,4,""frida_dtu"",""632"",true
"frida-633","Guava, common, raw","andre","Guava, common, raw fra Frida DTU database",42.43,0.88,3.93,0.46,4.88,""frida_dtu"",""633"",true
"frida-634","Spotted wolffish, fillet, raw","fisk","Spotted wolffish, fillet, raw fra Frida DTU database",107.2,16,,4.8,,""frida_dtu"",""634"",true
"frida-635","Mussels, in water, canned","andre","Mussels, in water, canned fra Frida DTU database",102.68,17.83,,3,,""frida_dtu"",""635"",true
"frida-636","Cape gooseberries, raw","andre","Cape gooseberries, raw fra Frida DTU database",51.34,1.9,7.21,0.7,4.3,""frida_dtu"",""636"",true
"frida-637","Cheese, unripened, smoked, 10 % fat","mejeriprodukter","Cheese, unripened, smoked, 10 % fat fra Frida DTU database",129.55,8.63,2.77,9.13,,""frida_dtu"",""637"",true
"frida-639","Bream, raw","andre","Bream, raw fra Frida DTU database",107.6,16.7,,4,,""frida_dtu"",""639"",true
"frida-641","Heart, beef, raw","kød","Heart, beef, raw fra Frida DTU database",102.56,17.72,0.7,3.08,,""frida_dtu"",""641"",true
"frida-643","Pak choi (bok choy), raw","andre","Pak choi (bok choy), raw fra Frida DTU database",14.52,1.5,1.9,0.2,1,""frida_dtu"",""643"",true
"frida-644","Heart, pork, raw","kød","Heart, pork, raw fra Frida DTU database",101.91,16.04,0.4,4.19,,""frida_dtu"",""644"",true
"frida-646","Rye bread, dark with high fat seeds and whole kernels, industrially produced","fedtstoffer","Rye bread, dark with high fat seeds and whole kernels, industrially produced fra Frida DTU database",215.1,5.67,33.22,4.53,8.78,""frida_dtu"",""646"",true
"frida-647","Walnuts, dried","nødder","Walnuts, dried fra Frida DTU database",693,14.07,2.82,64.63,,""frida_dtu"",""647"",true
"frida-649","Asparagus, canned","andre","Asparagus, canned fra Frida DTU database",16.3,1.74,1.17,0.1,1.5,""frida_dtu"",""649"",true
"frida-650","Garlic, dried, powder","andre","Garlic, dried, powder fra Frida DTU database",345,16.8,64,0.8,9.9,""frida_dtu"",""650"",true
"frida-651","Pizza with broccoli, frozen","andre","Pizza with broccoli, frozen fra Frida DTU database",194,8.7,23.6,6.7,2.4,""frida_dtu"",""651"",true
"frida-652","Chickory, raddichio, raw","andre","Chickory, raddichio, raw fra Frida DTU database",24.09,1.43,1.6,0.25,0.9,""frida_dtu"",""652"",true
"frida-653","Eggs, chicken, dried","kød","Eggs, chicken, dried fra Frida DTU database",564.41,50.66,0.56,38.35,,""frida_dtu"",""653"",true
"frida-654","Lobster, raw","andre","Lobster, raw fra Frida DTU database",92.9,19.6,0.8,1.3,,""frida_dtu"",""654"",true
"frida-655","Norway lobster, raw","andre","Norway lobster, raw fra Frida DTU database",92.9,19.6,0.8,1.3,,""frida_dtu"",""655"",true
"frida-656","Crispbread, knackebrot, wheat, coarse","kornprodukter","Crispbread, knackebrot, wheat, coarse fra Frida DTU database",371.2,13,61.1,6.2,9.5,""frida_dtu"",""656"",true
"frida-657","Curry powder","andre","Curry powder fra Frida DTU database",302.77,12.7,2.8,13.81,53,""frida_dtu"",""657"",true
"frida-658","Norway haddock, fillet, raw","andre","Norway haddock, fillet, raw fra Frida DTU database",89.9,19.1,,1.5,,""frida_dtu"",""658"",true
"frida-659","Potato crisps, fatreduced","grøntsager","Potato crisps, fatreduced fra Frida DTU database",487.99,5,44.9,23,3.4,""frida_dtu"",""659"",true
"frida-660","Sausage, tongue sausage, saveloy type","andre","Sausage, tongue sausage, saveloy type fra Frida DTU database",148,9.75,3.8,9.98,,""frida_dtu"",""660"",true
"frida-661","Saithe (UK), pollock (US), fillet, frozen","andre","Saithe (UK), pollock (US), fillet, frozen fra Frida DTU database",91.3,20.5,,0.9,,""frida_dtu"",""661"",true
"frida-662","Cream, 18 % fat","mejeriprodukter","Cream, 18 % fat fra Frida DTU database",190,2.7,3.9,18,,""frida_dtu"",""662"",true
"frida-663","Beans, wax, canned","bælgfrugter","Beans, wax, canned fra Frida DTU database",26.1,1.4,4.1,0.3,1.5,""frida_dtu"",""663"",true
"frida-665","Wheat bread, with wheat bran","kornprodukter","Wheat bread, with wheat bran fra Frida DTU database",216.29,9.8,37.4,1.9,5.21,""frida_dtu"",""665"",true
"frida-666","Pork, ham, cured, canned","kød","Pork, ham, cured, canned fra Frida DTU database",111.4,15.7,,5.4,,""frida_dtu"",""666"",true
"frida-667","Bread, bolted rye and wheat, sour, with caraway seeds","kornprodukter","Bread, bolted rye and wheat, sour, with caraway seeds fra Frida DTU database",249.04,7.01,46.87,2.82,3.74,""frida_dtu"",""667"",true
"frida-668","Eggs, chicken, long eggs, boiled, frozen","kød","Eggs, chicken, long eggs, boiled, frozen fra Frida DTU database",128.69,11.96,0.4,8,,""frida_dtu"",""668"",true
"frida-669","Blackberry, jam","frugt","Blackberry, jam fra Frida DTU database",197.2,0.3,49,0.2,0.9,""frida_dtu"",""669"",true
"frida-670","Marmalade, mango","andre","Marmalade, mango fra Frida DTU database",215.9,0.2,46,0.1,0.9,""frida_dtu"",""670"",true
"frida-671","Cream, cultured, 18 % fat","mejeriprodukter","Cream, cultured, 18 % fat fra Frida DTU database",192,2.82,2.84,18.57,,""frida_dtu"",""671"",true
"frida-672","Bread, wholemeal","kornprodukter","Bread, wholemeal fra Frida DTU database",248.8,8.28,45.49,2.64,5.21,""frida_dtu"",""672"",true
"frida-673","Liver, goose, raw","andre","Liver, goose, raw fra Frida DTU database",129.28,16.37,6.32,4.28,,""frida_dtu"",""673"",true
"frida-674","Veal, eye of round, salted, boiled","fedtstoffer","Veal, eye of round, salted, boiled fra Frida DTU database",100.19,19.2,,3,,""frida_dtu"",""674"",true
"frida-675","Chocolate, milk","mejeriprodukter","Chocolate, milk fra Frida DTU database",545.37,7.1,62.4,31.67,0.4,""frida_dtu"",""675"",true
"frida-676","Bread, white","kornprodukter","Bread, white fra Frida DTU database",249.04,7.6,45.85,2.82,4,""frida_dtu"",""676"",true
"frida-677","Wheat bread, italien type, industrially produced","kornprodukter","Wheat bread, italien type, industrially produced fra Frida DTU database",257.84,8.17,48.42,2.47,3.06,""frida_dtu"",""677"",true
"frida-679","Miso, soy paste","andre","Miso, soy paste fra Frida DTU database",166.6,10.5,18.1,4.6,5.4,""frida_dtu"",""679"",true
"frida-680","Beans, green, canned","bælgfrugter","Beans, green, canned fra Frida DTU database",24.5,1.48,3.6,0.3,2.4,""frida_dtu"",""680"",true
"frida-681","Lentils, dried","bælgfrugter","Lentils, dried fra Frida DTU database",346.7,26.2,53.2,3,8.7,""frida_dtu"",""681"",true
"frida-682","Gizzard, chicken, raw","kød","Gizzard, chicken, raw fra Frida DTU database",112.6,18.2,,4.2,,""frida_dtu"",""682"",true
"frida-683","Kohlrabi, raw","andre","Kohlrabi, raw fra Frida DTU database",25.3,1.7,3,0.1,3.6,""frida_dtu"",""683"",true
"frida-685","Watercress, raw","andre","Watercress, raw fra Frida DTU database",18.6,2,1,,1,""frida_dtu"",""685"",true
"frida-686","Salad dressing, soured fresh cream, low calorie","mejeriprodukter","Salad dressing, soured fresh cream, low calorie fra Frida DTU database",212.5,1.29,6.5,18.9,,""frida_dtu"",""686"",true
"frida-687","Eggs, chicken, yolk, dried","kød","Eggs, chicken, yolk, dried fra Frida DTU database",656,35,0.23,56.45,,""frida_dtu"",""687"",true
"frida-688","Baguette, wheat, fine, industrially produced","andre","Baguette, wheat, fine, industrially produced fra Frida DTU database",256.08,8.2,50.78,1,2.97,""frida_dtu"",""688"",true
"frida-691","Potato, canned","grøntsager","Potato, canned fra Frida DTU database",55.89,1.41,11.3,0.21,2.3,""frida_dtu"",""691"",true
"frida-692","Brazil nuts, dried, raw","nødder","Brazil nuts, dried, raw fra Frida DTU database",681.15,14.4,2.9,64.96,5.3,""frida_dtu"",""692"",true
"frida-693","Pork, ham, boiled, sliced","kød","Pork, ham, boiled, sliced fra Frida DTU database",109.17,17.9,,4.08,,""frida_dtu"",""693"",true
"frida-694","Charr, raw","andre","Charr, raw fra Frida DTU database",98.3,18.5,,2.7,,""frida_dtu"",""694"",true
"frida-695","Meat balls, frozen","kød","Meat balls, frozen fra Frida DTU database",162.6,10.5,9,9.4,,""frida_dtu"",""695"",true
"frida-696","Eggs, chicken, pasteurized","kød","Eggs, chicken, pasteurized fra Frida DTU database",131.21,11.44,0.4,8.6,,""frida_dtu"",""696"",true
"frida-698","Liver, calf, raw","andre","Liver, calf, raw fra Frida DTU database",130.7,20.44,4.6,3.9,,""frida_dtu"",""698"",true
"frida-699","Veal, lean meat, raw","kød","Veal, lean meat, raw fra Frida DTU database",92.2,18.1,,2.2,,""frida_dtu"",""699"",true
"frida-700","Halibut, atlantic, smoked","andre","Halibut, atlantic, smoked fra Frida DTU database",104.39,20.6,,1.28,,""frida_dtu"",""700"",true
"frida-701","Wheat bread, for toasting, industrially produced","kornprodukter","Wheat bread, for toasting, industrially produced fra Frida DTU database",254.7,7.9,47.04,2.82,3.26,""frida_dtu"",""701"",true
"frida-702","Pig, fat, raw","fedtstoffer","Pig, fat, raw fra Frida DTU database",660.64,3.16,,72,,""frida_dtu"",""702"",true
"frida-703","Blackberry, frozen, unsweetened","frugt","Blackberry, frozen, unsweetened fra Frida DTU database",44.71,1.18,5.6,0.43,2.7,""frida_dtu"",""703"",true
"frida-704","Coconut meat, desiccated","kød","Coconut meat, desiccated fra Frida DTU database",636,6.47,5.25,61.3,,""frida_dtu"",""704"",true
"frida-707","Sweetbread, lamb, raw","kød","Sweetbread, lamb, raw fra Frida DTU database",131.4,15.3,,7.8,,""frida_dtu"",""707"",true
"frida-708","Chicken, hen, flesh only","kød","Chicken, hen, flesh only fra Frida DTU database",109.5,20.33,,2.7,,""frida_dtu"",""708"",true
"frida-709","Currant, red, jelly","andre","Currant, red, jelly fra Frida DTU database",237.7,0.2,58.7,0.1,,""frida_dtu"",""709"",true
"frida-711","Halibut, atlantic, raw","andre","Halibut, atlantic, raw fra Frida DTU database",104.39,20.6,,1.28,,""frida_dtu"",""711"",true
"frida-712","Liver, broiler or fryer, raw","fedtstoffer","Liver, broiler or fryer, raw fra Frida DTU database",115.78,19.11,0.4,4.2,,""frida_dtu"",""712"",true
"frida-713","Trout, raw","andre","Trout, raw fra Frida DTU database",130,18.26,,6.36,,""frida_dtu"",""713"",true
"frida-714","Sweet potato, raw","grøntsager","Sweet potato, raw fra Frida DTU database",71.56,1.3,16.88,0.32,2.72,""frida_dtu"",""714"",true
"frida-715","Chard, swiss, raw","andre","Chard, swiss, raw fra Frida DTU database",20.76,1.8,2.9,0.2,1.6,""frida_dtu"",""715"",true
"frida-716","Onion, raw","grøntsager","Onion, raw fra Frida DTU database",43.19,1.25,5.36,0.09,1.86,""frida_dtu"",""716"",true
"frida-718","Strawberry, jam","frugt","Strawberry, jam fra Frida DTU database",201.9,0.3,50,0.3,1,""frida_dtu"",""718"",true
"frida-719","Sapodilla, raw","andre","Sapodilla, raw fra Frida DTU database",80.9,0.44,15.5,1.1,5.3,""frida_dtu"",""719"",true
"frida-720","Coffee, instant, powder","andre","Coffee, instant, powder fra Frida DTU database",301.5,15.5,11,1.7,19.1,""frida_dtu"",""720"",true
"frida-721","Cheese, hard, Parmesan, grated","mejeriprodukter","Cheese, hard, Parmesan, grated fra Frida DTU database",427.57,38.46,0.1,28.61,,""frida_dtu"",""721"",true
"frida-722","Rolls, wheat with coarse meal, industrially produced","andre","Rolls, wheat with coarse meal, industrially produced fra Frida DTU database",246.19,8.23,43.18,2.72,5.87,""frida_dtu"",""722"",true
"frida-724","Pork, ham, topside (M. Semimembranosus), lean, raw","kød","Pork, ham, topside (M. Semimembranosus), lean, raw fra Frida DTU database",106.36,21.39,,2.25,,""frida_dtu"",""724"",true
"frida-726","Cherry, canned in sugar","andre","Cherry, canned in sugar fra Frida DTU database",143.7,1,32,0.1,0.6,""frida_dtu"",""726"",true
"frida-727","Cod, fillet, fried","fisk","Cod, fillet, fried fra Frida DTU database",120.17,18.72,,5,,""frida_dtu"",""727"",true
"frida-728","Duck, flesh only, raw","andre","Duck, flesh only, raw fra Frida DTU database",126.26,18.28,,5.12,,""frida_dtu"",""728"",true
"frida-729","Turkey, breast, boiled/smoked, sliced","kød","Turkey, breast, boiled/smoked, sliced fra Frida DTU database",107.08,21,,1.8,,""frida_dtu"",""729"",true
"frida-730","Pizza with tuna, frozen","fisk","Pizza with tuna, frozen fra Frida DTU database",203.1,11,25.9,5.7,2.1,""frida_dtu"",""730"",true